stock_id,股票代號,股票名稱,股價,今日漲跌%,投信持有%,投信今日%,投信今日(張),5買%,10買%,20買%,5買N天,10買N天,20買N天,5賣N天,10賣N天,20賣N天,外資持有%,外資今日%,Q1-Q3EPS,1月-11月EPS,去年EPS,三率三升,月增率%,年增率%,累積年增率%,月增率遞增,年增率遞增,累積年增率遞增,累積年增率>20%,累積年增率>50%,累積年增率>100%,上月營收創新高,股票名稱.1,股票代號.1,1月-12月EPS(預估),1月EPS(預估),去年EPS(預估),sar趨勢向上,2021Q4三率三升,1-2月EPS(預估),去年Q1-Q3EPS,去年Q1-Q4EPS,1-3月EPS(預估),1-4月EPS(預估),Q1 EPS,EPS遞增季數,EPS遞減季數,2022Q1三率三升,主力今日%,主力5買%,主力10買%,主力20買%,去年累計同期EPS,去年整年EPS,營收遞增月數,營收創新高,營收月增率%,營收年增率%,營收累計年增率%,月增率遞增月數,年增率遞增月數,累計年增率遞增月數,營業利益成長率遞增季數,營業毛利成長率遞增季數,稅前淨利成長率遞增季數,產業,本益比(同產業rank),股價淨值比(同產業rank),殖利率(同產業rank)
2022-01-10,6217,中探針,53.3,2.3,0.25,0.25,165.0,0.25,0.2,0.19,1,1,1,0,1,2,3.82,-0.5,1.75,,1.48,,11.69,31.8,23.0,3個月遞增,2個月遞增,2個月遞增,連續3個月>20%,,,v,中探針,6217,2.67,,,,,,,,,,,,,,,,,,,,,,,,,,,,,,,,,,
2022-01-11,3583,辛耘,103.0,-6.79,0.17,0.17,140.0,0.17,0.17,0.17,1,1,1,0,0,0,10.41,-2.66,3.7,,3.8,,12.15,0.91,30.83,單月增加,單月增加,單月增加,連續3個月>20%,,,v,辛耘,3583,5.5,,,,,,,,,,,,,,,,,,,,,,,,,,,,,,,,,,
2022-01-13,1785,光洋科,49.45,-0.1,0.0,0.0,2.0,0.0,0.0,0.0,1,1,1,0,0,0,6.23,0.0,1.61,,1.69,,23.56,13.22,17.6,2個月遞增,2個月遞增,單月增加,,,,v,光洋科,1785,2.21,,,,,,,,,,,,,,,,,,,,,,,,,,,,,,,,,,
2022-01-14,2915,潤泰全,100.0,-2.44,0.01,0.01,48.0,0.01,0.01,-4.28,1,1,1,2,3,12,0.0,0.0,20.4,,14.85,,8.6,,-1.48,3個月遞增,,3個月遞增,,,,,潤泰全,2915,25.35,,,,,,,,,,,,,,,,,,,,,,,,,,,,,,,,,,
2022-01-17,5478,智冠,93.2,1.86,0.04,0.04,50.0,0.04,0.04,0.03,1,1,1,0,0,1,30.32,-0.03,5.24,,7.76,,8.8,-16.24,-9.02,2個月遞增,2個月遞增,,,,,,智冠,5478,6.79,,,,,,,,,,,,,,,,,,,,,,,,,,,,,,,,,,
2022-01-17,1305,華夏,33.8,0.3,0.0,0.0,9.0,-0.0,-0.0,-0.0,1,1,1,2,2,3,9.85,-0.05,3.22,,2.95,v,-21.1,-20.35,47.25,,,單月增加,連續3個月>20%,,,,華夏,1305,4.01,,,,,,,,,,,,,,,,,,,,,,,,,,,,,,,,,,
2022-01-18,3548,兆利,67.2,0.15,0.13,0.13,78.0,0.13,0.13,0.13,1,1,1,0,0,0,3.24,-0.14,1.58,,5.03,,15.82,70.97,34.26,單月增加,3個月遞增,3個月遞增,連續3個月>20%,,,v,兆利,3548,2.04,,,,,,,,,,,,,,,,,,,,,,,,,,,,,,,,,,
2022-01-18,1471,首利,8.39,1.08,0.05,0.05,72.0,0.05,0.05,0.05,1,1,1,0,0,0,0.21,-0.02,-0.39,,2.63,,-3.88,-72.47,-67.21,,,,,,,,首利,1471,-0.08,,,,,,,,,,,,,,,,,,,,,,,,,,,,,,,,,,
2022-01-18,2461,光群雷,23.45,0.64,0.05,0.05,78.0,0.05,0.05,0.05,1,1,1,0,0,0,6.48,0.09,2.37,,0.96,,6.26,32.36,12.99,2個月遞增,3個月遞增,3個月遞增,,,,,光群雷,2461,3.31,,,,,,,,,,,,,,,,,,,,,,,,,,,,,,,,,,
2022-01-18,6164,華興,14.95,0.0,0.05,0.05,48.0,0.05,0.05,0.05,1,1,1,0,0,0,0.96,-0.14,0.16,,-0.17,v,-5.46,10.0,25.49,,單月增加,單月增加,連續3個月>20%,,,,華興,6164,0.27,,,,,,,,,,,,,,,,,,,,,,,,,,,,,,,,,,
2022-01-18,3607,谷崧,16.45,0.92,0.05,0.05,57.0,0.05,0.05,0.05,1,1,1,0,0,0,4.39,-0.11,-1.27,,-3.32,,-15.24,-11.34,16.93,,,單月增加,,,,,谷崧,3607,-1.13,,,,,,,,,,,,,,,,,,,,,,,,,,,,,,,,,,
2022-01-18,3094,聯傑,37.1,-2.37,0.05,0.05,40.0,0.05,0.05,0.05,1,1,1,0,0,0,1.5,-0.66,0.63,,0.41,v,5.45,3.27,21.37,單月增加,單月增加,單月增加,連續3個月>20%,,,,聯傑,3094,0.85,,,,,,,,,,,,,,,,,,,,,,,,,,,,,,,,,,
2022-01-18,3047,訊舟,13.7,2.24,0.05,0.05,96.0,0.05,0.05,0.05,1,1,1,0,0,0,3.0,0.26,-0.27,,0.56,,12.45,-0.69,-16.52,單月增加,3個月遞增,3個月遞增,,,,,訊舟,3047,-0.21,,,,,,,,,,,,,,,,,,,,,,,,,,,,,,,,,,
2022-01-18,2365,昆盈,11.85,0.85,0.05,0.05,109.0,0.05,0.05,0.05,1,1,1,0,0,0,5.44,-0.02,0.17,,0.64,,10.3,-16.72,-17.38,2個月遞增,3個月遞增,2個月遞增,,,,,昆盈,2365,0.29,,,,,,,,,,,,,,,,,,,,,,,,,,,,,,,,,,
2022-01-18,2444,兆勁,12.55,0.0,0.04,0.04,47.0,0.04,0.04,0.04,1,1,1,0,0,0,0.37,-0.1,-0.09,,-0.93,,-9.53,-29.93,-0.37,,,,,,,,兆勁,2444,0.03,,,,,,,,,,,,,,,,,,,,,,,,,,,,,,,,,,
2022-01-18,2482,連宇,15.2,-1.3,0.04,0.04,22.0,0.04,0.04,0.04,1,1,1,0,0,0,3.56,-0.1,-0.08,,-0.5,v,64.28,74.77,1.48,3個月遞增,2個月遞增,2個月遞增,,,,,連宇,2482,0.18,,,,,,,,,,,,,,,,,,,,,,,,,,,,,,,,,,
2022-01-18,1529,樂士,18.3,0.27,0.04,0.04,59.0,0.04,0.04,0.04,1,1,1,0,0,0,0.83,-0.68,0.91,,0.65,,752.81,750.89,-29.49,3個月遞增,3個月遞增,3個月遞增,,,,,樂士,1529,1.5,,,,,,,,,,,,,,,,,,,,,,,,,,,,,,,,,,
2022-01-18,2417,圓剛,32.45,-1.67,0.04,0.04,55.0,0.04,0.04,0.04,1,1,1,0,0,0,1.2,-0.24,0.39,,6.41,,-6.54,-35.76,-32.63,,3個月遞增,,,,,,圓剛,2417,0.05,,,,,,,,,,,,,,,,,,,,,,,,,,,,,,,,,,
2022-01-18,2374,佳能,30.35,4.3,0.04,0.04,121.0,0.04,0.04,0.04,1,1,1,0,0,0,6.76,-0.34,2.46,,-1.63,v,8.53,71.97,3.87,單月增加,3個月遞增,3個月遞增,,,,,佳能,2374,2.56,,,,,,,,,,,,,,,,,,,,,,,,,,,,,,,,,,
2022-01-18,6205,詮欣,72.1,-1.64,0.04,0.04,31.0,0.04,0.04,0.04,1,1,1,0,0,0,4.01,-0.85,1.43,,2.01,,0.3,38.14,19.81,單月增加,單月增加,3個月遞增,,,,,詮欣,6205,2.11,,,,,,,,,,,,,,,,,,,,,,,,,,,,,,,,,,
2022-01-18,8028,昇陽半導體,51.3,-0.77,0.04,0.04,63.0,0.04,0.04,0.04,1,1,1,0,0,0,11.65,-0.11,0.85,,1.02,v,-2.31,14.04,16.5,,單月增加,單月增加,,,,,昇陽半導體,8028,1.27,,,,,,,,,,,,,,,,,,,,,,,,,,,,,,,,,,
2022-01-18,3694,海華,24.1,0.42,0.03,0.03,47.0,0.03,0.03,0.03,1,1,1,0,0,0,0.97,-0.05,1.22,,2.02,,-12.86,8.34,19.34,,單月增加,單月增加,,,,,海華,3694,2.05,,,,,,,,,,,,,,,,,,,,,,,,,,,,,,,,,,
2022-01-18,2305,全友,10.9,-0.91,0.03,0.03,67.0,0.03,0.03,0.03,1,1,1,0,0,0,5.21,-0.25,0.01,,0.08,,19.62,-2.3,7.51,3個月遞增,2個月遞增,單月增加,,,,,全友,2305,,,,,,,,,,,,,,,,,,,,,,,,,,,,,,,,,,,
2022-01-18,2440,太空梭,17.7,0.57,0.02,0.02,31.0,0.02,0.02,0.02,1,1,1,0,0,0,0.22,-0.05,0.6,,1.58,,3.06,-7.3,40.63,單月增加,,單月增加,連續3個月>20%,,,,太空梭,2440,0.77,,,,,,,,,,,,,,,,,,,,,,,,,,,,,,,,,,
2022-01-18,3380,明泰,30.9,0.0,0.02,0.02,135.0,0.02,0.02,0.02,1,1,1,0,0,0,3.98,-0.03,0.63,,1.03,,55.09,-22.93,-13.39,3個月遞增,2個月遞增,,,,,,明泰,3380,0.83,,,,,,,,,,,,,,,,,,,,,,,,,,,,,,,,,,
2022-01-18,8406,金可-KY,269.5,0.19,0.0,0.0,1.0,0.0,0.0,-0.05,1,1,1,0,0,1,66.65,0.18,8.11,,10.24,,-33.75,-6.08,21.53,,,單月增加,連續3個月>20%,,,,金可-KY,8406,9.67,,,,,,,,,,,,,,,,,,,,,,,,,,,,,,,,,,
2022-01-19,2809,京城銀,40.95,-0.61,0.0,0.0,45.0,-0.0,-0.01,-1.51,1,1,1,3,8,14,18.38,-0.05,5.28,,4.9,,18.7,8.69,15.21,單月增加,3個月遞增,單月增加,,,,,京城銀,2809,7.19,,,,,,,,,,,,,,,,,,,,,,,,,,,,,,,,,,
2022-01-20,8279,生展,128.0,8.94,0.07,0.07,20.0,0.07,0.07,0.07,1,1,1,0,0,0,3.1,0.01,6.32,,7.95,,9.76,31.34,12.18,2個月遞增,3個月遞增,3個月遞增,,,,v,生展,8279,9.46,,,,,,,,,,,,,,,,,,,,,,,,,,,,,,,,,,
2022-01-21,3088,艾訊,57.6,-0.69,0.06,0.06,54.0,0.06,0.06,0.06,1,1,1,0,0,0,6.31,0.08,3.57,,3.73,v,31.29,38.67,10.14,3個月遞增,3個月遞增,3個月遞增,,,,,艾訊,3088,5.05,,,,,,,,,,,,,,,,,,,,,,,,,,,,,,,,,,
2022-01-24,5309,系統電,38.2,-1.8,0.39,0.39,599.0,0.39,0.39,0.39,1,1,1,0,0,0,1.18,-0.44,0.33,,-0.64,v,-9.83,70.86,85.08,,2個月遞增,單月增加,連續3個月>20%,連續3個月>50%,,,系統電,5309,0.56,,,,,,,,,,,,,,,,,,,,,,,,,,,,,,,,,,
2022-01-26,8938,明安,80.0,3.76,0.04,0.04,53.0,0.04,-0.01,-0.07,1,1,1,0,2,4,9.9,0.51,6.87,,5.03,,0.52,13.51,40.02,單月增加,單月增加,單月增加,連續3個月>20%,,,,明安,8938,9.34,,,,,,,,,,,,,,,,,,,,,,,,,,,,,,,,,,
2022-01-26,3558,神準,107.0,3.38,0.03,0.03,15.0,0.03,0.03,0.03,1,1,1,0,0,0,5.08,0.08,5.98,,7.67,,25.91,10.09,18.19,3個月遞增,單月增加,單月增加,,,,v,神準,3558,8.39,,,,,,,,,,,,,,,,,,,,,,,,,,,,,,,,,,
2022-02-07,6531,愛普*,394.0,-0.25,0.0,0.0,1.0,-0.04,-0.42,-0.52,1,1,1,1,6,12,0.0,0.0,10.01,,11.0,v,6.47,43.9,86.39,2個月遞增,單月增加,單月增加,連續3個月>20%,連續3個月>50%,,,愛普*,6531,13.93,,,,,,,,,,,,,,,,,,,,,,,,,,,,,,,,,,
2022-02-09,5299,杰力,192.0,2.67,0.11,0.11,38.0,0.11,0.11,0.11,1,1,1,0,0,0,2.16,0.22,13.38,,9.26,v,0.06,26.2,41.08,3個月遞增,單月增加,單月增加,連續3個月>20%,,,,杰力,5299,18.61,,,,,,,,,,,,,,,,,,,,,,,,,,,,,,,,,,
2022-02-09,6180,橘子,67.2,0.6,0.06,0.06,100.0,0.06,0.06,0.06,1,1,1,0,0,0,23.22,0.13,5.18,,5.0,v,-20.54,-17.27,7.66,,,單月增加,,,,,橘子,6180,6.81,,,,,,,,,,,,,,,,,,,,,,,,,,,,,,,,,,
2022-02-15,1720,生達,43.3,1.41,0.02,0.02,41.0,0.02,0.02,0.02,1,1,1,0,0,0,4.13,0.11,,,,v,0.15,22.3,22.3,單月增加,3個月遞增,3個月遞增,單月>20%,,,v,生達,1720,,0.38,3.97,,,,,,,,,,,,,,,,,,,,,,,,,,,,,,,,
2022-02-15,8103,瀚荃,47.15,0.96,0.02,0.02,13.0,0.02,0.02,-0.01,1,1,1,0,0,1,14.21,0.15,,,,v,6.84,17.95,17.95,2個月遞增,單月增加,單月增加,,,,v,瀚荃,8103,,0.46,4.61,,,,,,,,,,,,,,,,,,,,,,,,,,,,,,,,
2022-02-16,6485,點序,151.0,9.82,0.03,0.03,12.0,0.03,0.03,0.03,1,1,1,0,0,0,6.99,0.23,,,,v,-9.91,58.61,58.61,,單月增加,單月增加,連續3個月>20%,連續3個月>50%,,,點序,6485,,1.33,12.2,,,,,,,,,,,,,,,,,,,,,,,,,,,,,,,,
2022-02-17,6251,定穎,22.9,0.0,0.1,0.1,280.0,0.1,0.1,0.1,1,1,1,0,0,0,15.61,1.01,,,,v,-0.17,20.51,20.51,,3個月遞增,單月增加,連續3個月>20%,,,,定穎,6251,,0.19,1.74,,,,,,,,,,,,,,,,,,,,,,,,,,,,,,,,
2022-02-17,3504,揚明光,90.9,-2.88,0.02,0.02,22.0,0.02,0.02,-1.1,1,1,1,0,0,4,5.16,-0.41,,,,v,-15.49,32.87,32.87,,2個月遞增,3個月遞增,單月>20%,,,,揚明光,3504,,0.1,0.47,,,,,,,,,,,,,,,,,,,,,,,,,,,,,,,,
2022-02-17,1909,榮成,22.55,0.22,0.01,0.01,123.0,0.01,-0.01,-0.33,1,1,1,0,1,5,10.09,0.04,,,,v,-11.46,-0.22,-0.22,,,,,,,,榮成,1909,,0.11,1.88,,,,,,,,,,,,,,,,,,,,,,,,,,,,,,,,
2022-02-17,6282,康舒,34.95,0.29,0.01,0.01,30.0,0.01,0.01,0.01,1,1,1,0,0,0,10.13,0.3,,,,,5.65,17.32,17.32,2個月遞增,2個月遞增,3個月遞增,,,,,康舒,6282,,0.17,1.5,,,,,,,,,,,,,,,,,,,,,,,,,,,,,,,,
2022-02-17,1907,永豐餘,34.8,0.43,0.0,0.0,16.0,0.0,0.0,0.0,1,1,1,0,0,1,15.65,0.03,,,,,-5.03,-7.87,-7.87,,,,,,,,永豐餘,1907,,0.28,3.59,,,,,,,,,,,,,,,,,,,,,,,,,,,,,,,,
2022-02-17,2915,潤泰全,107.0,3.88,0.0,0.0,2.0,0.0,-0.0,-0.07,1,1,3,1,2,6,10.48,0.21,,,,v,56.29,36.3,36.3,3個月遞增,單月增加,3個月遞增,單月>20%,,,,潤泰全,2915,,2.76,25.35,,,,,,,,,,,,,,,,,,,,,,,,,,,,,,,,
2022-02-22,2030,彰源,31.7,0.96,0.01,0.01,20.0,0.01,0.01,0.01,1,1,1,0,0,0,1.31,-0.42,,,,v,-8.62,32.9,32.9,,單月增加,單月增加,連續3個月>20%,,,,彰源,2030,,0.46,4.22,v,,,,,,,,,,,,,,,,,,,,,,,,,,,,,,,
2022-02-24,2031,新光鋼,59.4,-0.67,0.03,0.03,100.0,0.03,0.03,0.03,1,1,1,0,0,0,8.47,0.52,,,,v,21.2,0.9,0.9,3個月遞增,2個月遞增,單月增加,,,,,新光鋼,2031,,0.61,8.36,v,,,,,,,,,,,,,,,,,,,,,,,,,,,,,,,
2022-03-01,6612,奈米醫材,73.0,0.69,0.03,0.03,10.0,0.03,0.03,0.03,1,1,1,0,0,0,27.69,0.02,,,,,-24.77,20.35,20.35,,單月增加,3個月遞增,單月>20%,,,,奈米醫材,6612,,0.16,1.55,,,,,,,,,,,,,,,,,,,,,,,,,,,,,,,,
2022-03-02,6231,系微,98.1,0.0,0.12,0.12,47.0,0.12,0.12,0.12,1,1,1,0,0,0,13.35,-0.04,,,,v,-15.83,29.19,29.19,,單月增加,3個月遞增,單月>20%,,,,系微,6231,,0.56,5.12,v,,,,,,,,,,,,,,,,,,,,,,,,,,,,,,,
2022-03-07,3218,大學光,270.0,-3.57,0.0,0.0,1.0,0.0,0.0,0.0,1,1,1,0,0,0,32.31,-0.08,,,,,21.42,53.57,53.57,3個月遞增,3個月遞增,3個月遞增,連續3個月>20%,單月>50%,,v,大學光,3218,,0.82,7.35,,,,,,,,,,,,,,,,,,,,,,,,,,,,,,,,
2022-03-08,2636,台驊投控,150.0,2.39,0.29,0.29,426.0,0.29,0.29,0.29,1,1,1,0,0,0,11.4,-0.32,,,,,-29.2,54.28,69.37,,單月增加,單月增加,連續3個月>20%,連續3個月>50%,,,台驊投控,2636,,2.11,28.26,v,v,,,,,,,,,,,,,,,,,,,,,,,,,,,,,,
2022-03-09,4148,全宇生技-KY,52.4,5.22,0.19,0.19,120.0,0.19,0.19,0.19,1,1,1,0,0,0,72.34,0.07,,,,,78.57,60.17,34.17,2個月遞增,2個月遞增,2個月遞增,單月>20%,,,,全宇生技-KY,4148,,0.17,2.79,,,,,,,,,,,,,,,,,,,,,,,,,,,,,,,,
2022-03-14,2480,敦陽科,93.6,-1.47,0.14,0.14,150.0,0.14,0.14,0.12,1,1,1,0,0,1,8.83,-0.07,,,,,-15.1,21.33,12.18,2個月遞增,2個月遞增,2個月遞增,,,,,敦陽科,2480,,,,v,v,0.83,3.91,,,,,,,,,,,,,,,,,,,,,,,,,,,,
2022-03-21,4745,合富-KY,34.75,9.97,0.06,0.06,50.0,0.06,0.06,0.06,1,1,1,0,0,0,15.14,-0.0,,,,,-48.5,-17.7,9.19,,,單月增加,,,,,合富-KY,4745,,,,v,,0.51,1.17,,,,,,,,,,,,,,,,,,,,,,,,,,,,
2022-03-22,3376,新日興,83.5,-0.6,0.0,0.0,1.0,0.0,0.0,-0.35,1,1,1,0,0,3,20.75,-0.02,,,,,-46.38,-19.31,-11.21,,,,,,,,新日興,3376,,,,,,1.13,4.49,,,,,,,,,,,,,,,,,,,,,,,,,,,,
2022-03-23,3611,鼎翰,200.0,0.5,0.01,0.01,6.0,0.01,0.01,0.01,1,1,1,0,0,0,10.85,-0.02,,,,,-8.89,21.53,17.15,2個月遞增,3個月遞增,2個月遞增,,,,,鼎翰,3611,,,,v,,3.6,14.12,,,,,,,,,,,,,,,,,,,,,,,,,,,,
2022-03-25,2314,台揚,70.5,9.98,0.01,0.01,19.0,0.01,0.01,0.01,1,1,1,0,0,0,5.59,-0.99,,,,,5.65,1.67,-19.59,3個月遞增,2個月遞增,2個月遞增,,,,,台揚,2314,,,,v,,-0.03,,-1.97,,,,,,,,,,,,,,,,,,,,,,,,,,,
2022-03-29,6494,九齊,158.0,7.85,0.04,0.04,12.0,0.04,0.04,0.04,1,1,1,0,0,0,10.48,0.88,,,,,-18.69,102.88,65.85,,3個月遞增,2個月遞增,連續3個月>20%,單月>50%,,,九齊,6494,,,,v,v,1.6,,17.21,,,,,,,,,,,,,,,,,,,,,,,,,,,
2022-03-30,6712,長聖,202.5,3.85,0.49,0.49,300.0,0.49,0.49,0.49,1,1,1,0,0,0,0.0,0.0,,,,,-39.68,104.64,188.25,,單月增加,單月增加,連續3個月>20%,連續3個月>50%,連續3個月>100%,,長聖,6712,,,,v,,1.13,,6.0,,,,,,,,,,,,,,,,,,,,,,,,,,,
2022-03-30,4576,大銀微系統,106.0,2.42,0.01,0.01,15.0,0.01,0.01,0.0,1,1,1,0,0,1,0.0,0.0,,,,,-23.51,14.34,26.26,,單月增加,單月增加,連續3個月>20%,,,,大銀微系統,4576,,,,,v,0.26,,2.48,,,,,,,,,,,,,,,,,,,,,,,,,,,
2022-04-07,3305,昇貿,76.6,-3.4,0.11,0.11,150.0,0.11,0.11,0.11,1,1,1,0,0,0,6.96,0.15,,,,,0.14,53.14,54.87,2個月遞增,單月增加,單月增加,連續3個月>20%,連續2個月>50%,,,昇貿,3305,,,,v,v,0.56,,4.92,,,,,,,,,,,,,,,,,,,,,,,,,,,
2022-04-07,3556,禾瑞亞,80.1,-3.84,0.09,0.09,53.0,0.09,0.09,0.09,1,1,1,0,0,0,7.66,-0.43,,,,,營收未出,營收未出,營收未出,營收未出,營收未出,營收未出,營收未出,營收未出,營收未出,,禾瑞亞,3556,,,,v,v,0.99,,6.08,,,,,,,,,,,,,,,,,,,,,,,,,,,
2022-04-07,2029,盛餘,34.3,0.88,0.05,0.05,150.0,0.05,0.05,0.05,1,1,1,0,0,0,69.22,-0.14,,,,,營收未出,營收未出,營收未出,營收未出,營收未出,營收未出,營收未出,營收未出,營收未出,,盛餘,2029,,,,v,v,0.27,,3.94,,,,,,,,,,,,,,,,,,,,,,,,,,,
2022-04-07,1437,勤益控,26.85,-2.19,0.03,0.03,63.0,0.03,0.03,0.03,1,1,1,0,0,0,5.94,-0.17,,,,,營收未出,營收未出,營收未出,營收未出,營收未出,營收未出,營收未出,營收未出,營收未出,,勤益控,1437,,,,,,0.5,,2.25,,,,,,,,,,,,,,,,,,,,,,,,,,,
2022-04-07,2538,基泰,12.8,-0.39,0.03,0.03,135.0,0.03,0.03,0.03,1,1,1,0,0,0,11.37,0.07,,,,,營收未出,營收未出,營收未出,營收未出,營收未出,營收未出,營收未出,營收未出,營收未出,,基泰,2538,,,,v,,-0.05,,-0.31,,,,,,,,,,,,,,,,,,,,,,,,,,,
2022-04-07,5203,訊連,86.9,-3.23,0.03,0.03,20.0,0.03,0.03,0.03,1,1,1,0,0,0,16.09,-0.17,,,,,營收未出,營收未出,營收未出,營收未出,營收未出,營收未出,營收未出,營收未出,營收未出,,訊連,5203,,,,,,0.54,,-7.21,,,,,,,,,,,,,,,,,,,,,,,,,,,
2022-04-07,1110,東泥,20.0,-1.96,0.02,0.02,142.0,0.02,0.02,0.02,1,1,1,0,0,0,7.24,-0.05,,,,,營收未出,營收未出,營收未出,營收未出,營收未出,營收未出,營收未出,營收未出,營收未出,,東泥,1110,,,,,v,0.02,,0.25,,,,,,,,,,,,,,,,,,,,,,,,,,,
2022-04-07,2704,國賓,32.4,-2.56,0.02,0.02,58.0,0.02,0.02,0.02,1,1,1,0,0,0,10.31,-0.04,,,,,營收未出,營收未出,營收未出,營收未出,營收未出,營收未出,營收未出,營收未出,營收未出,,國賓,2704,,,,,,0.07,,-0.24,,,,,,,,,,,,,,,,,,,,,,,,,,,
2022-04-07,2836,高雄銀,15.2,-1.3,0.02,0.02,202.0,0.02,0.02,0.02,1,1,1,0,0,0,7.22,-0.13,,,,,營收未出,營收未出,營收未出,營收未出,營收未出,營收未出,營收未出,營收未出,營收未出,,高雄銀,2836,,,,v,,0.09,,0.78,,,,,,,,,,,,,,,,,,,,,,,,,,,
2022-04-07,2597,潤弘,141.5,-2.75,0.01,0.01,20.0,0.01,0.01,0.01,1,1,1,0,0,0,1.51,-0.05,,,,,營收未出,營收未出,營收未出,營收未出,營收未出,營收未出,營收未出,營收未出,營收未出,,潤弘,2597,,,,,v,1.56,,9.96,,,,,,,,,,,,,,,,,,,,,,,,,,,
2022-04-07,2913,農林,19.85,-1.73,0.01,0.01,98.0,0.01,0.01,0.01,1,1,1,0,0,0,7.55,-0.02,,,,,營收未出,營收未出,營收未出,營收未出,營收未出,營收未出,營收未出,營收未出,營收未出,,農林,2913,,,,v,,-0.02,,-1.42,,,,,,,,,,,,,,,,,,,,,,,,,,,
2022-04-13,5222,全訊,149.0,1.36,0.04,0.04,30.0,0.04,0.04,0.04,1,1,1,0,0,0,3.38,0.01,,,,,-7.07,-40.79,-20.85,2個月遞增,,,,,,,全訊,5222,,,,,,6.88,,4.04,,,,,,,,,,,,,,,,,,,,,,,,,,,
2022-04-13,6146,耕興,189.0,-2.83,0.03,0.03,30.0,0.03,0.03,0.03,1,1,1,0,0,0,52.51,-0.08,,,,,1.36,20.64,22.4,2個月遞增,單月增加,單月增加,連續3個月>20%,,,,耕興,6146,,,,v,v,2.04,,11.01,,,,,,,,,,,,,,,,,,,,,,,,,,,
2022-04-15,4128,中天,59.4,0.0,0.02,0.02,82.0,0.02,0.02,0.02,1,1,1,0,0,0,6.09,-0.1,,,,,21.0,-6.21,2.38,2個月遞增,2個月遞增,單月增加,,,,,中天,4128,,,,,v,,,0.11,-0.03,,,,,,,,,,,,,,,,,,,,,,,,,,
2022-04-15,6561,是方,275.0,1.48,0.01,0.01,5.0,0.01,0.01,0.01,1,1,1,0,0,0,13.16,-0.01,,,,,9.43,13.74,8.71,2個月遞增,2個月遞增,2個月遞增,,,,,是方,6561,,,,,v,,,9.75,2.51,,,,,,,,,,,,,,,,,,,,,,,,,,
2022-04-18,4931,新盛力,32.45,0.93,0.04,0.04,25.0,0.04,0.04,0.04,1,1,1,0,0,0,35.8,0.61,,,,,54.69,152.75,106.3,2個月遞增,2個月遞增,2個月遞增,連續3個月>20%,連續3個月>50%,單月>100%,,新盛力,4931,,,,v,,,,-0.63,0.4,,,,,,,,,,,,,,,,,,,,,,,,,,
2022-04-18,6456,GIS-KY,93.9,0.43,0.0,0.0,10.0,-0.01,-0.01,-0.02,1,1,1,2,5,10,54.8,0.03,,,,,36.81,20.04,11.62,單月增加,單月增加,3個月遞增,,,,,GIS-KY,6456,,,,,,,,12.97,2.54,,,,,,,,,,,,,,,,,,,,,,,,,,
2022-04-19,6806,森崴能源,107.0,0.94,0.34,0.34,500.0,0.34,0.34,0.34,1,1,1,0,0,0,0.61,-0.01,,,,,32.5,-20.13,33.84,單月增加,,單月增加,連續3個月>20%,,,,森崴能源,6806,,,,v,,,,3.78,1.31,,,,,,,,,,,,,,,,,,,,,,,,,,
2022-04-19,6581,鋼聯,115.0,4.55,0.04,0.04,50.0,0.04,0.04,0.04,1,1,1,0,0,0,0.79,-0.09,,,,,-17.27,128.6,44.54,,3個月遞增,3個月遞增,連續2個月>20%,,,,鋼聯,6581,,,,v,v,,,5.08,1.18,,,,,,,,,,,,,,,,,,,,,,,,,,
2022-04-19,1231,聯華食,84.8,-0.59,0.0,0.0,1.0,0.0,0.0,0.0,1,1,1,0,0,0,2.93,-0.04,,,,,17.46,14.87,6.35,2個月遞增,2個月遞增,2個月遞增,,,,,聯華食,1231,,,,v,v,,,4.03,1.03,,,,,,,,,,,,,,,,,,,,,,,,,,
2022-04-19,4952,凌通,71.1,0.57,0.0,0.0,1.0,0.0,0.0,0.0,1,1,1,0,0,0,6.1,-0.08,,,,,15.59,29.23,33.96,3個月遞增,單月增加,單月增加,連續2個月>20%,,,v,凌通,4952,,,,,v,,,6.05,1.08,,,,,,,,,,,,,,,,,,,,,,,,,,
2022-04-19,8131,福懋科,39.7,0.25,0.0,0.0,1.0,0.0,0.0,0.0,1,1,1,0,0,0,5.26,0.0,,,,,7.41,3.26,1.12,2個月遞增,2個月遞增,2個月遞增,,,,v,福懋科,8131,,,,,v,,,3.52,0.86,,,,,,,,,,,,,,,,,,,,,,,,,,
2022-04-19,6582,申豐,115.0,3.14,0.0,0.0,1.0,0.0,0.0,0.0,1,1,1,0,0,0,17.59,0.24,,,,,61.15,-76.47,-68.45,2個月遞增,2個月遞增,,,,,,申豐,6582,,,,,,,,32.74,2.09,,,,,,,,,,,,,,,,,,,,,,,,,,
2022-04-19,6277,宏正,81.9,0.49,0.0,0.0,1.0,0.0,0.0,0.0,1,1,1,0,0,0,12.99,0.0,,,,,26.63,-7.11,0.1,3個月遞增,,單月增加,,,,,宏正,6277,,,,,v,,,5.33,2.27,,,,,,,,,,,,,,,,,,,,,,,,,,
2022-04-19,6192,巨路,75.0,-0.4,0.0,0.0,1.0,0.0,0.0,0.0,1,1,1,0,0,0,23.02,-0.04,,,,,26.0,13.7,9.56,2個月遞增,2個月遞增,2個月遞增,,,,,巨路,6192,,,,v,,,,7.96,1.9,,,,,,,,,,,,,,,,,,,,,,,,,,
2022-04-19,5608,四維航,47.25,4.07,0.0,0.0,1.0,0.0,0.0,0.0,1,1,1,0,0,0,6.87,1.41,,,,,22.41,102.08,100.9,2個月遞增,2個月遞增,2個月遞增,連續3個月>20%,連續3個月>50%,連續3個月>100%,,四維航,5608,,,,v,v,,,7.16,0.21,,,,,,,,,,,,,,,,,,,,,,,,,,
2022-04-19,5538,東明-KY,55.1,1.1,0.0,0.0,1.0,0.0,0.0,0.0,1,1,1,0,0,0,64.26,-0.0,,,,,50.78,55.78,53.22,3個月遞增,單月增加,3個月遞增,連續3個月>20%,連續2個月>50%,,v,東明-KY,5538,,,,,v,,,8.0,1.43,,,,,,,,,,,,,,,,,,,,,,,,,,
2022-04-19,4137,麗豐-KY,198.5,0.51,0.0,0.0,1.0,0.0,0.0,0.0,1,1,1,0,0,0,66.52,-0.02,,,,,53.8,-1.49,-6.79,2個月遞增,,3個月遞增,,,,,麗豐-KY,4137,,,,,,,,17.05,3.17,,,,,,,,,,,,,,,,,,,,,,,,,,
2022-04-19,1309,台達化,32.15,0.94,0.0,0.0,1.0,0.0,0.0,0.0,1,1,1,0,0,0,2.57,0.02,,,,,15.9,-11.11,0.02,3個月遞增,,單月增加,,,,,台達化,1309,,,,,,,,4.89,0.75,,,,,,,,,,,,,,,,,,,,,,,,,,
2022-04-19,3588,通嘉,116.0,2.2,0.0,0.0,1.0,0.0,0.0,0.0,1,1,1,0,0,0,4.42,-0.27,,,,,9.7,20.12,27.8,2個月遞增,單月增加,單月增加,連續3個月>20%,,,,通嘉,3588,,,,,v,,,6.37,0.88,,,,,,,,,,,,,,,,,,,,,,,,,,
2022-04-19,3545,敦泰,121.0,-1.22,0.0,0.0,1.0,0.0,0.0,0.0,1,1,1,0,0,0,13.71,-0.36,,,,,0.65,-17.21,-10.51,3個月遞增,,,,,,,敦泰,3545,,,,,v,,,30.23,1.77,,,,,,,,,,,,,,,,,,,,,,,,,,
2022-04-19,2723,美食-KY,94.2,1.95,0.0,0.0,1.0,0.0,0.0,0.0,1,1,1,0,0,0,48.06,0.19,,,,,3.69,-4.52,-0.42,2個月遞增,,,,,,,美食-KY,2723,,,,v,,,,6.07,1.36,,,,,,,,,,,,,,,,,,,,,,,,,,
2022-04-19,2636,台驊投控,121.0,0.83,0.0,0.0,1.0,0.0,0.0,0.0,1,1,1,0,0,0,11.93,0.17,,,,,16.06,78.55,72.25,2個月遞增,2個月遞增,2個月遞增,連續3個月>20%,連續3個月>50%,,,台驊投控,2636,,,,,v,,,30.03,5.48,,,,,,,,,,,,,,,,,,,,,,,,,,
2022-04-19,2612,中航,52.9,2.92,0.0,0.0,1.0,0.0,0.0,0.0,1,1,1,0,0,0,3.01,0.21,,,,,22.32,32.21,26.84,2個月遞增,3個月遞增,3個月遞增,連續3個月>20%,,,v,中航,2612,,,,v,v,,,5.27,0.79,,,,,,,,,,,,,,,,,,,,,,,,,,
2022-04-19,2511,太子,12.9,0.39,0.0,0.0,1.0,0.0,0.0,0.0,1,1,1,0,0,0,8.91,0.0,,,,,16.92,35.03,46.24,2個月遞增,單月增加,單月增加,連續3個月>20%,,,,太子,2511,,,,,,,,0.95,0.27,,,,,,,,,,,,,,,,,,,,,,,,,,
2022-04-19,1707,葡萄王,147.0,0.68,0.0,0.0,1.0,0.0,0.0,0.0,1,1,1,0,0,0,10.84,0.04,,,,,79.42,5.78,4.08,3個月遞增,2個月遞增,2個月遞增,,,,,葡萄王,1707,,,,v,v,,,8.81,2.05,,,,,,,,,,,,,,,,,,,,,,,,,,
2022-04-19,1612,宏泰,29.15,0.0,0.0,0.0,1.0,0.0,0.0,0.0,1,1,1,0,0,0,16.74,-0.22,,,,,22.21,-5.54,13.53,2個月遞增,,單月增加,,,,,宏泰,1612,,,,,,,,8.54,1.02,,,,,,,,,,,,,,,,,,,,,,,,,,
2022-04-19,8261,富鼎,101.5,0.0,0.0,0.0,1.0,0.0,-0.0,-0.0,1,1,1,0,1,1,11.43,-0.07,,,,,14.92,5.49,10.01,2個月遞增,單月增加,單月增加,,,,v,富鼎,8261,,,,,v,,,8.03,1.22,,,,,,,,,,,,,,,,,,,,,,,,,,
2022-04-20,6591,動力-KY,64.0,2.56,0.12,0.12,40.0,0.12,0.12,0.12,1,1,1,0,0,0,23.9,0.99,,,,,49.15,32.62,39.62,3個月遞增,單月增加,單月增加,連續2個月>20%,,,v,動力-KY,6591,,,,,,,,6.83,2.01,,,,,,,,,,,,,,,,,,,,,,,,,,
2022-04-20,1806,冠軍,12.2,0.83,0.04,0.04,177.0,0.04,0.04,0.04,1,1,1,0,0,0,10.12,-0.04,,,,,96.0,33.26,26.6,2個月遞增,單月增加,3個月遞增,連續2個月>20%,,,,冠軍,1806,,,,,,,,2.29,-0.04,,,,,,,,,,,,,,,,,,,,,,,,,,
2022-04-20,3011,今皓,20.2,1.51,0.04,0.04,47.0,0.04,0.04,0.04,1,1,1,0,0,0,6.4,0.02,,,,,0.69,40.28,47.36,2個月遞增,單月增加,單月增加,連續3個月>20%,,,,今皓,3011,,,,,v,,,0.59,-0.1,,,,,,,,,,,,,,,,,,,,,,,,,,
2022-04-20,1514,亞力,28.05,-0.88,0.04,0.04,87.0,0.04,0.04,0.04,1,1,1,0,0,0,7.9,-0.1,,,,,23.94,40.34,20.98,3個月遞增,3個月遞增,3個月遞增,單月>20%,,,,亞力,1514,,,,v,,,,1.6,0.43,,,,,,,,,,,,,,,,,,,,,,,,,,
2022-04-20,1609,大亞,30.3,-1.62,0.04,0.04,273.0,0.04,0.04,0.04,1,1,1,0,0,0,9.03,-0.22,,,,,47.09,9.84,10.88,2個月遞增,單月增加,單月增加,,,,,大亞,1609,,,,v,v,,,2.3,0.44,,,,,,,,,,,,,,,,,,,,,,,,,,
2022-04-20,1727,中華化,47.65,0.74,0.03,0.03,36.0,0.03,0.03,0.03,1,1,1,0,0,0,1.49,0.02,,,,,22.71,43.14,38.46,3個月遞增,單月增加,3個月遞增,連續2個月>20%,,,,中華化,1727,,,,,,,,1.86,0.12,,,,,,,,,,,,,,,,,,,,,,,,,,
2022-04-20,2453,凌群,29.65,2.07,0.03,0.03,33.0,0.03,0.03,0.03,1,1,1,0,0,0,6.94,0.05,,,,,17.7,5.18,3.26,3個月遞增,3個月遞增,3個月遞增,,,,,凌群,2453,,,,,v,,,2.16,0.32,,,,,,,,,,,,,,,,,,,,,,,,,,
2022-04-20,1516,川飛,27.25,-1.45,0.03,0.03,12.0,0.03,0.03,0.03,1,1,1,0,0,0,2.53,0.14,,,,,41.28,129.85,156.83,2個月遞增,單月增加,單月增加,連續3個月>20%,連續3個月>50%,連續3個月>100%,,川飛,1516,,,,,v,,,1.72,0.53,,,,,,,,,,,,,,,,,,,,,,,,,,
2022-04-20,3703,欣陸,27.5,0.36,0.03,0.03,225.0,0.03,0.03,0.03,1,1,1,0,0,0,23.45,-0.01,,,,,25.9,73.29,57.78,3個月遞增,單月增加,3個月遞增,連續2個月>20%,單月>50%,,v,欣陸,3703,,,,v,v,,,2.22,0.68,,,,,,,,,,,,,,,,,,,,,,,,,,
2022-04-20,6142,友勁,9.82,0.41,0.03,0.03,87.0,0.03,0.03,0.03,1,1,1,0,0,0,5.13,-0.0,,,,,40.04,-20.81,-11.3,3個月遞增,,,,,,,友勁,6142,,,,,v,,,1.23,-0.14,,,,,,,,,,,,,,,,,,,,,,,,,,
2022-04-20,6235,華孚,40.4,-0.62,0.03,0.03,53.0,0.03,0.03,0.03,1,1,1,0,0,0,3.28,-0.36,,,,,21.35,85.37,45.17,2個月遞增,3個月遞增,3個月遞增,連續3個月>20%,,,,華孚,6235,,,,v,v,,,0.96,0.24,,,,,,,,,,,,,,,,,,,,,,,,,,
2022-04-20,2897,王道銀行,9.77,0.83,0.03,0.03,813.0,0.03,0.03,0.03,1,1,1,0,0,0,5.51,-0.04,,,,,-8.43,-14.3,-0.34,2個月遞增,,,,,,,王道銀行,2897,,,,,,,,0.63,0.11,,,,,,,,,,,,,,,,,,,,,,,,,,
2022-04-20,1732,毛寶,44.95,4.29,0.02,0.02,10.0,0.02,0.02,0.02,1,1,1,0,0,0,2.68,-4.92,,,,,18.76,-6.95,-6.58,2個月遞增,,,,,,,毛寶,1732,,,,,,,,0.46,0.13,,,,,,,,,,,,,,,,,,,,,,,,,,
2022-04-20,2491,吉祥全,18.0,2.86,0.02,0.02,18.0,0.02,0.02,0.02,1,1,1,0,0,0,5.61,-0.01,,,,,-121.88,-586.1,-154.99,,,,,,,,吉祥全,2491,,,,,,,,0.63,-0.23,,,,,,,,,,,,,,,,,,,,,,,,,,
2022-04-20,2545,皇翔,58.5,3.54,0.02,0.02,75.0,0.02,0.02,0.02,1,1,1,0,0,0,6.65,0.23,,,,,69.91,134.5,89.36,3個月遞增,3個月遞增,3個月遞增,連續3個月>20%,連續3個月>50%,,,皇翔,2545,,,,v,v,,,7.46,1.6,,,,,,,,,,,,,,,,,,,,,,,,,,
2022-04-20,4148,全宇生技-KY,89.8,0.67,0.02,0.02,13.0,0.02,0.02,-0.25,1,1,1,0,0,2,73.37,0.12,,,,,56.49,107.57,63.04,單月增加,3個月遞增,3個月遞增,連續2個月>20%,單月>50%,,v,全宇生技-KY,4148,,,,v,v,,,3.09,0.73,,,,,,,,,,,,,,,,,,,,,,,,,,
2022-04-20,6569,醫揚,105.0,0.48,0.02,0.02,5.0,0.02,0.02,0.02,1,1,1,0,0,0,2.59,0.0,,,,,46.82,68.19,53.4,3個月遞增,單月增加,3個月遞增,連續2個月>20%,單月>50%,,v,醫揚,6569,,,,,,,,4.22,2.48,,,,,,,,,,,,,,,,,,,,,,,,,,
2022-04-20,4545,銘鈺,29.8,1.36,0.01,0.01,10.0,0.01,0.01,0.01,1,1,1,0,0,0,33.88,0.0,,,,,-13.49,16.17,25.28,,單月增加,單月增加,連續2個月>20%,,,,銘鈺,4545,,,,,,,,1.16,0.07,,,,,,,,,,,,,,,,,,,,,,,,,,
2022-04-21,3092,鴻碩,64.6,2.05,0.12,0.12,107.0,0.12,0.12,0.12,1,1,1,0,0,0,2.67,0.18,,,,,51.35,67.45,47.82,2個月遞增,3個月遞增,3個月遞增,連續3個月>20%,,,v,鴻碩,3092,,,,,,,,0.25,0.96,,,,,,,,,,,,,,,,,,,,,,,,,,
2022-04-27,2108,南帝,52.6,-2.41,0.0,0.0,14.0,-1.06,-1.32,-1.26,1,4,11,4,5,5,8.23,0.02,,,,,33.35,-44.98,-49.74,2個月遞增,3個月遞增,3個月遞增,,,,,南帝,2108,,,,,,,,14.92,1.54,,,,,,,,,,,,,,,,,,,,,,,,,,
2022-04-28,1589,永冠-KY,70.4,-2.9,0.18,0.18,200.0,0.18,0.18,0.18,1,1,1,0,0,0,4.59,-0.1,,,,,47.48,-10.82,-15.5,2個月遞增,,3個月遞增,,,,,永冠-KY,1589,,,,v,,,,1.95,0.26,,,,,,,,,,,,,,,,,,,,,,,,,,
2022-04-28,6182,合晶,54.7,1.67,0.0,0.0,3.0,-0.49,-0.73,-5.0,1,1,1,3,6,14,14.95,-0.04,,,,,4.73,26.53,33.01,2個月遞增,單月增加,單月增加,連續3個月>20%,,,v,合晶,6182,,,,,v,,,2.02,0.82,,,,,,,,,,,,,,,,,,,,,,,,,,
2022-04-29,6456,GIS-KY,91.7,-0.22,0.0,0.0,4.0,-0.01,-0.01,-0.02,1,2,2,2,3,9,55.02,0.01,,,,,36.81,20.04,11.62,單月增加,單月增加,3個月遞增,,,,,GIS-KY,6456,,,,,,,,12.97,2.54,,,,,,,,,,,,,,,,,,,,,,,,,,
2022-05-05,3169,亞信,168.5,6.65,0.1,0.1,60.0,0.1,-2.02,-3.27,1,1,1,0,4,6,4.04,-1.7,,,,,0.08,52.83,52.5,單月增加,3個月遞增,2個月遞增,連續3個月>20%,連續3個月>50%,,,亞信,3169,,,,v,v,,,6.34,1.51,,,,,,,,,,,,,,,,,,,,,,,,,,
2022-05-06,6538,倉和,78.6,2.88,0.13,0.13,50.0,0.13,0.13,0.13,1,1,1,0,0,0,3.59,0.21,,,,,8.39,32.17,5.35,單月增加,3個月遞增,3個月遞增,,,,,倉和,6538,,,,v,,,,4.13,1.65,,,,,,,,,,,,,,,,,,,,,,,,,,
2022-05-09,5306,桂盟,170.0,0.29,0.02,0.02,20.0,0.01,0.01,0.0,1,3,5,1,1,2,23.52,-0.01,,,,,營收未出,營收未出,營收未出,營收未出,營收未出,營收未出,營收未出,營收未出,營收未出,,桂盟,5306,,,,v,v,,,15.94,3.46,,,,,,,,,,,,,,,,,,,,,,,,,,
2022-05-09,1909,榮成,19.55,-2.25,0.0,0.0,2.0,-0.02,-0.02,-0.02,1,4,6,1,1,1,10.6,-0.1,,,,,-19.96,14.18,19.61,,單月增加,單月增加,,,,,榮成,1909,,,,,,,,1.84,0.27,,,,,,,,,,,,,,,,,,,,,,,,,,
2022-05-10,6182,合晶,58.0,2.47,0.1,0.1,538.0,0.09,0.02,-2.69,1,3,3,1,3,10,15.09,-0.42,,,2.02,,-4.84,20.16,29.62,,單月增加,單月增加,連續3個月>20%,,,,合晶,6182,,,,v,v,,,,,1.08,0.9,,,,,,,,,,,,,,,,,,,,,,,,
2022-05-10,1522,堤維西,20.2,1.0,0.03,0.03,83.0,0.03,0.03,0.03,1,1,1,0,0,0,5.38,0.01,,,0.62,,-7.15,19.13,17.1,,單月增加,3個月遞增,,,,,堤維西,1522,,,,v,,,,,,0.54,,,,,,,,,,,,,,,,,,,,,,,,,
2022-05-11,6514,芮特-KY,62.0,1.64,0.09,0.09,26.0,0.09,0.09,0.09,1,1,1,0,0,0,54.87,-0.05,,,3.1,,-91.75,-91.76,-29.61,,,,,,,,芮特-KY,6514,,,,,,,,,,0.82,,,,,,,,,,,,,,,,,,,,,,,,,
2022-05-11,3209,全科,39.0,-1.76,0.02,0.02,41.0,0.02,0.02,0.02,1,1,1,0,0,0,6.72,-0.19,,,4.05,,15.64,20.78,20.95,單月增加,單月增加,單月增加,連續3個月>20%,,,v,全科,3209,,,,v,,,,,,1.17,,,,,,,,,,,,,,,,,,,,,,,,,
2022-05-11,3530,晶相光,121.5,0.41,0.02,0.02,13.0,0.02,0.02,0.02,1,1,1,0,0,0,43.44,-0.04,,,9.61,,-11.35,-18.96,-24.22,,,3個月遞增,,,,,晶相光,3530,,,,v,,,,,,1.43,1.36,,3.0,,,,,,,,,,,,,,,,,,,,,,
2022-05-11,6509,聚和,44.5,-2.94,0.02,0.02,35.0,0.02,0.02,0.02,1,1,1,0,0,0,3.67,0.26,,,2.48,,-37.46,-6.53,15.0,,,單月增加,,,,,聚和,6509,,,,,,,,,,0.72,,,,,,,,,,,,,,,,,,,,,,,,,
2022-05-12,3312,弘憶股,23.85,-1.04,0.07,0.07,90.0,0.07,0.07,0.07,1,1,1,0,0,0,0.0,0.0,,,,,,,,,,,,,,,弘憶股,3312,,,,v,,,,,,0.94,,,,,,0.06,0.18,0.05,0.52,3.24,-1.0,,-19.51,8.03,21.55,-1.0,-2.0,-1.0,,,,,,,
2022-05-16,3687,歐買尬,127.0,0.79,0.09,0.09,26,0.09,0.09,0.09,1,1,1,0,0,0,4.13,0.22,,,,,,,,,,,,,,,歐買尬,3687,,,,,,,,,,0.08,0.54,-2,,,0.13,0.32,0.47,1.36,0.52,2.42,-1,,-10.7,15.07,14.99,-1,-1,2,-2,-1,-3,,,,
2022-05-16,6290,良維,52.4,1.55,0.07,0.07,100,0.07,0.07,0.07,1,1,1,0,0,0,2.79,0.29,,,,,,,,,,,,,,,良維,6290,,,,,,,,,,1.33,1.0,2,,,0.17,0.36,0.3,1.09,1.31,3.05,2,,0.62,-5.46,0.28,-1,1,-2,-1,-1,2,,,,
2022-05-18,4931,新盛力,34.8,1.9,0.91,0.91,578.0,0.91,0.71,0.67,1,1,2,0,1,2,34.93,0.12,,,,,,,,,,,,,,,新盛力,4931,,,,v,,,,,,0.52,0.6,2,,,1.24,0.85,-2.42,-9.76,0.14,-0.63,-1,,-18.77,90.39,102.45,-1,-1,-1,2,2,2,,,,
2022-05-18,3003,健和興,72.2,2.85,0.13,0.13,200.0,-0.27,-0.96,-1.25,1,1,3,3,6,9,4.38,-0.12,,,,,,,,,,,,,,,健和興,3003,,,,v,,,,,,1.36,1.59,3,,,-0.13,-0.46,-0.67,-0.72,1.2,4.98,-1,,-2.24,0.77,8.91,-1,-2,-2,-2,-2,-2,,,,
2022-05-19,6568,宏觀,164,2.18,0.05,0.05,14.0,0.05,0.05,0.05,1,1,1,0,0,0,7.73,0.22,,,,,,,,,,,,,,,宏觀,6568,,,,v,,,,,,2.57,0.67,-1,,,0.15,0.25,-0.09,0.47,1.58,5.65,3,,8.34,16.48,-0.47,-1,1,3,-1,1,-1,,,,
2022-05-20,6435,大中,151.5,-0.33,0.61,0.61,205.0,0.61,0.61,0.53,1,1,1,0,0,1,4.01,-1.05,,,,,,,,,,,,,,,大中,6435,,,,v,,,,,,4.47,5.26,1,,,0.11,1.35,1.99,1.9,2.1,13.09,-1,,-4.55,30.14,32.53,-1,-1,-3,1,1,1,,,,
2022-05-20,6643,M31,307.0,3.37,0.16,0.16,50.0,0.16,0.16,0.16,1,1,1,0,0,0,9.2,0.03,,,,,,,,,,,,,,,M31,6643,,,,v,,,,,,3.6,1.28,-1,,,0.16,0.25,0.37,0.03,1.79,8.12,3,,10.74,34.7,20.81,3,1,1,-1,-1,-1,,,,
2022-05-23,6411,晶焱,143,-1.38,0.0,0.0,4.0,-0.17,-0.31,-0.98,1,1,3,1,2,6,13.08,0.19,,,,,,,,,,,,,,,晶焱,6411,,,,v,,,,,,2.85,2.23,-1,,,0.04,-1.98,-1.75,-3.42,2.25,10.32,2,,27.55,25.42,-2.89,3,1,1,-1,-1,-1,,,,
2022-05-24,8420,明揚,54.2,-5.74,0.1,0.1,50.0,0.1,0.1,0.1,1,1,1,0,0,0,2.05,0.11,,,,,,,,,,,,,,,明揚,8420,,,,,,,,,,1.36,1.75,3,,,0.02,-0.87,-0.34,0.28,0.43,4.64,2,v,7.31,45.3,37.82,-1,2,2,1,1,1,,,,
2022-05-26,5243,乙盛-KY,62.9,1.13,0.3,0.3,500.0,0.3,0.3,0.3,1,1,1,0,0,0,52.83,-0.18,,,,,,,,,,,,,,,乙盛-KY,5243,,,,,,,,,,0.89,0.9,1,,,0.37,0.57,0.59,0.34,0.81,2.75,-1,,-29.31,-22.17,0.65,-1,-2,-1,2,2,-1,,,,
2022-05-26,1907,永豐餘,26.9,1.13,0.0,0.0,1.0,0.0,-0.01,-0.01,1,1,3,0,2,2,15.23,-0.0,,,,,,,,,,,,,,,永豐餘,1907,,,,,,,,,,0.63,0.15,-2,,,0.0,0.0,-0.03,-0.2,0.94,3.13,-1,,-14.92,-14.81,-9.02,-1,-1,-1,-3,-3,-3,,,,
2022-05-26,1909,榮成,17.95,0.28,0.0,0.0,1.0,0.0,-0.0,-0.02,1,2,4,0,1,2,10.7,0.01,,,,,,,,,,,,,,,榮成,1909,,,,,,,,,,0.35,0.01,-3,,,-0.01,-0.06,-0.15,-1.34,0.4,1.84,-1,,-19.96,14.18,19.61,-1,-1,-1,-3,-3,-3,,,,
2022-05-27,6756,威鋒電子,314.5,6.25,0.18,0.18,121.0,0.18,0.18,-0.88,1,1,1,0,0,6,4.64,0.26,,,,,,,,,,,,,,,威鋒電子,6756,,,,v,,,,,,6.05,4.23,3,,,0.38,0.36,-0.88,-1.15,2.74,13.04,-1,,-3.73,26.45,33.3,-1,-2,-1,-2,-2,-2,,,,
2022-05-30,2455,全新,95.3,5.89,0.5,0.5,919.0,-0.37,-0.68,-1.11,1,2,8,4,6,9,28.66,0.19,,,,,,,,,,,,,,,全新,2455,,,,v,,,,,,1.26,1.18,1,,,0.92,0.78,0.84,-0.16,1.22,4.62,-1,,-10.54,-11.35,-7.03,-1,1,-3,-3,-3,-2,,,,
2022-06-02,8097,常珵,87.7,5.54,1.51,1.51,652.0,1.51,1.51,1.51,1,1,1,0,0,0,7.61,-0.68,,,,,,,,,,,,,,,常珵,8097,,,,v,,,,,,-1.78,0.57,1,,,-0.26,-0.12,0.21,-0.06,0.09,-0.31,2,v,163.68,601.7,388.48,-1,1,1,1,2,1,,,,
2022-06-09,4162,智擎,74.7,4.33,0.21,0.21,312.0,-0.37,-0.51,-1.05,1,1,1,4,5,7,6.59,-0.26,,,,,,,,,,,,,,,智擎,4162,,,,v,,,,,,0.99,0.68,-1.0,,,-0.15,-0.41,-0.48,-0.13,0.52,2.95,1.0,,18.04,23.86,40.59,1.0,1.0,-2.0,1.0,1.0,1.0,生技醫療業,0.44,0.32,0.51
2022-06-09,4572,駐龍,121.5,2.1,0.06,0.06,20.0,0.06,0.06,0.06,1,1,1,0,0,0,0.81,0.03,,,,,,,,,,,,,,,駐龍,4572,,,,v,,,,,,1.16,1.04,1.0,,,-0.04,-0.15,-0.01,0.02,0.16,1.5,,,,,,,,,3.0,-2.0,-1.0,電機機械,0.09,0.22,0.46
2022-06-09,6799,來頡,202.0,-0.98,0.05,0.05,20.0,0.05,0.05,0.05,1,1,1,0,0,0,7.89,-0.01,,,,,,,,,,,,,,,來頡,6799,,,,,,,,,,,2.37,,,,0.03,-0.59,-1.16,-1.41,,7.51,-1.0,,-6.47,30.1,36.8,-1.0,-1.0,-1.0,,,,半導體業,0.27,0.04,0.89
2022-06-09,6581,鋼聯,93.8,3.08,0.02,0.02,20.0,0.02,0.02,0.02,1,1,1,0,0,0,1.63,-0.07,,,,,,,,,,,,,,,鋼聯,6581,,,,v,,,,,,1.91,1.4,-1.0,,,0.03,0.02,-0.26,-0.26,0.59,5.08,2.0,,15.06,82.0,61.03,-1.0,1.0,3.0,2.0,2.0,2.0,其他,0.43,0.19,0.6
2022-06-10,4768,晶呈科技,145.5,4.3,0.21,0.21,75.0,0.21,0.21,0.21,1,1,1,0,0,0,1.7,0.05,,,,,,,,,,,,,,,晶呈科技,4768,,,,v,,,,,,inf,0.41,-2.0,,,-0.03,-0.17,-0.03,0.11,,2.15,1,,89.24,73.8,35.8,1,1,1,-1.0,-1.0,-1.0,化學工業,0.05,0.05,0.9
2022-06-10,6546,正基,138.5,-0.36,0.12,0.12,72.0,0.12,0.12,0.12,1,1,1,0,0,0,1.46,-0.13,,,,,,,,,,,,,,,正基,6546,,,,v,,,,,,inf,2.42,,,,-0.3,-0.05,-1.36,-1.77,,6.78,1,v,14.49,36.07,55.89,1,1,-1,,,,通信網路業,0.65,0.07,0.38
2022-06-10,1338,廣華-KY,57.1,1.78,0.1,0.1,80.0,0.1,0.1,0.1,1,1,1,0,0,0,9.5,0.21,,,,,,,,,,,,,,,廣華-KY,1338,,,,v,,,,,,1.59,1.62,2.0,,,0.18,0.21,0.4,0.57,1.37,4.04,1,,22.03,15.31,9.24,1,1,1,1.0,1.0,1.0,汽車工業,0.77,0.97,0.27
2022-06-10,2753,八方雲集,149.5,2.4,0.03,0.03,20.0,0.03,0.03,0.03,1,1,1,0,0,0,3.13,0.18,,,,,,,,,,,,,,,八方雲集,2753,,,,v,,,,,,7.07,2.32,2.0,,,0.15,0.3,0.58,0.8,2.3,8.74,3,v,7.34,13.01,11.43,1,-1,2,2.0,2.0,2.0,觀光事業,0.75,0.3,0.27
2022-06-21,1708,東鹼,49.85,5.17,0.1,0.1,251.0,0.1,0.1,-0.45,1,1,1,2,2,3,17.79,0.7,,,,,,,,,,,,,,,東鹼,1708,,,,,,,,,,0.97,1.51,3,,,0.92,2.72,2.42,-1.17,0.23,2.69,-3,,-13.11,84.33,97.58,-1,1,-3,2,3,2,化學工業,0.72,0.32,0.51
2022-06-21,8112,至上,45.05,2.5,0.0,0.0,1.0,0.0,0.0,0.0,1,1,1,0,0,0,16.8,0.02,,,,,,,,,,,,,,,至上,8112,,,,,,,,,,2.19,2.09,1,,,0.02,-0.37,-0.52,-0.57,1.62,7.02,1,,0.33,-6.98,4.29,1,-3,-3,1,-3,1,電子通路業,0.87,0.4,0.24
2022-06-22,1760,寶齡富錦,96.7,2.55,0.84,0.84,723.0,0.84,0.84,0.84,1,1,1,0,0,0,8.33,-1.96,,,,,,,,,,,,,,,寶齡富錦,1760,,,,v,,,,,,0.58,0.46,1,,,-0.48,0.56,-1.77,-0.63,-0.32,1.32,2,v,111.52,52.79,41.1,2,-1,3,1,1,1,生技醫療業,0.2,0.16,0.85
2022-06-23,5536,聖暉,188.5,-1.31,0.05,0.05,31.0,0.05,0.05,0.05,1,1,1,0,0,0,16.45,-0.16,,,,,,,,,,,,,,,聖暉,5536,,,,,,,,,,9.25,6.16,-1,,,-0.14,-0.51,-0.73,-0.72,3.13,21.08,1,,5.7,18.81,28.26,1,1,-2,1,1,1,其他電子業,0.96,0.38,0.04
2022-06-24,6829,千附精密,73.6,1.1,0.02,0.02,13.0,0.02,0.02,0.02,1,1,1,0,0,0,1.51,0.01,,,,,,,,,,,,,,,千附精密,6829,,,,,,,,,,inf,1.74,2,,,0.0,-0.04,-0.04,0.09,,4.9,1,,16.17,-14.1,24.55,1,-1,-3,1,1,1,電機機械,0.6,0.23,0.24
2022-06-24,1904,正隆,29.75,0.34,0.0,0.0,2.0,-0.0,-0.11,-0.25,1,1,1,2,6,10,7.62,0.02,,,,,,,,,,,,,,,正隆,1904,,,,v,,,,,,1.13,0.67,-1,,,-0.01,-0.04,-0.08,-0.34,1.12,3.58,1,,1.78,-0.13,6.26,1,-3,-3,-3,1,-3,造紙工業,1.0,0.57,0.5
2022-06-24,3481,群創,12.3,3.36,0.0,0.0,10.0,-2.41,-2.99,-3.0,1,3,6,4,6,10,23.33,0.05,,,,,,,,,,,,,,,群創,3481,,,,,,,,,,0.16,0.18,-2,,,0.05,-0.09,-0.16,0.09,1.15,5.53,-2,,-12.64,-42.62,-25.46,1,-3,-3,-2,-3,-2,光電業,1.0,0.99,0.13
2022-06-27,3691,碩禾,153.0,3.38,0.09,0.09,66.0,0.09,0.09,0.09,1,1,1,0,0,0,0.0,0.0,,,,,,,,,,,,,,,碩禾,3691,,,,v,,,,,,-0.93,0.66,1,,,0.13,0.21,0.07,0.03,0.67,-5.34,-1,,-1.36,-14.93,-23.4,-1,2,3,1,1,1,光電業,,0.32,
2022-06-27,2436,偉詮電,60.1,4.89,0.02,0.02,28.0,0.02,-0.01,-0.02,1,1,1,0,2,3,6.98,0.26,,,,,,,,,,,,,,,偉詮電,2436,,,,,,,,,,0.94,0.74,-1,,,0.2,0.82,0.79,0.63,1.05,4.25,-2,,-4.56,-25.6,6.09,1,-3,-3,3,-1,-3,半導體業,0.45,0.43,0.43
2022-06-27,1907,永豐餘,26.8,0.37,0.0,0.0,1.0,-0.0,-0.0,-0.0,1,1,1,2,4,4,15.19,-0.0,,,,,,,,,,,,,,,永豐餘,1907,,,,,,,,,,0.63,0.15,-2,,,-0.01,0.05,0.04,-0.05,0.94,3.13,1,,10.78,-10.96,-9.43,1,1,-2,-3,-3,-3,造紙工業,0.83,0.79,0.67
2022-06-27,1909,榮成,17.6,2.03,0.0,0.0,2.0,-0.0,-0.0,-0.0,1,1,1,2,4,4,10.28,0.11,,,,,,,,,,,,,,,榮成,1909,,,,,,,,,,0.35,0.01,-3,,,0.03,-0.02,-0.2,-0.46,0.4,1.84,-2,,-2.11,-18.22,9.84,1,-2,-2,-3,-3,-3,造紙工業,0.67,0.79,0.33
2022-06-27,2542,興富發,44.8,1.36,0.0,0.0,1.0,-2.62,-4.78,-4.93,1,1,1,4,8,10,9.35,0.06,,,,,,,,,,,,,,,興富發,2542,,,,,,,,,,1.0,0.66,1,,,0.04,-1.07,-2.31,-3.3,2.26,6.45,-2,,-56.19,-89.29,-48.2,1,-3,-3,-2,-3,-2,建材營造,0.56,0.35,0.06
2022-06-27,2606,裕民,43.65,-1.8,0.0,0.0,2.0,-3.0,-5.47,-7.34,1,1,3,4,9,17,12.36,-0.09,,,,,,,,,,,,,,,裕民,2606,,,,,,,,,,1.02,1.0,-2,,,-0.15,-0.5,-1.13,-3.9,0.41,5.79,1,,3.11,14.18,16.4,1,1,-2,-1,-1,-1,航運業,0.63,0.71,0.41
2022-06-27,2607,榮運,30.6,4.97,0.0,0.0,1.0,-0.0,-0.0,-0.0,1,1,1,2,4,4,9.04,-0.02,,,,,,,,,,,,,,,榮運,2607,,,,,,,,,,0.59,0.62,3,,,0.0,0.05,0.15,0.38,0.15,1.0,1,v,14.86,182.22,155.72,1,2,2,2,2,3,航運業,0.22,0.82,0.93
2022-06-28,2027,大成鋼,35.55,-1.93,0.0,0.0,2.0,-0.01,-0.07,-0.51,1,1,1,3,7,14,15.89,-0.03,,,,,,,,,,,,,,,大成鋼,2027,,,,,,,,,,1.66,2.24,1,,,-0.04,-0.12,-0.14,-1.21,0.88,5.76,-2,,-5.15,32.35,38.88,1,-2,-2,-3,-3,-2,鋼鐵工業,0.93,0.72,0.76
2022-06-28,2481,強茂,68.0,-2.86,0.0,0.0,1.0,-0.01,-1.88,-2.36,1,1,3,3,8,14,11.07,-0.13,,,,,,,,,,,,,,,強茂,2481,,,,,,,,,,1.32,1.6,1,,,-0.17,-0.31,-1.31,-2.84,0.88,5.66,1,,2.67,-4.96,9.25,1,-3,-3,-2,-2,-1,半導體業,0.56,0.61,0.53
2022-06-29,8050,廣積,63.3,7.29,1.53,1.53,2706.0,1.53,1.53,1.53,1,1,1,0,0,0,7.51,0.25,,,,,,,,,,,,,,,廣積,8050,,,,v,,,,,,0.85,1.53,-1,,,2.02,3.66,3.67,3.71,0.31,2.69,1,,13.91,-39.43,-6.44,1,1,-2,3,3,3,電腦及週邊設備業,0.2,0.2,0.76
2022-06-30,5258,虹堡,54.8,-9.72,1.46,1.46,1308.0,1.46,1.46,1.46,1,1,1,0,0,0,11.51,-3.76,,,,,,,,,,,,,,,虹堡,5258,,,,,,,,,,-0.01,1.59,3,,,-2.22,-3.27,-5.66,-4.6,0.1,2.51,1,,11.74,61.56,67.86,1,2,-3,3,1,3,電腦及週邊設備業,0.45,0.1,0.94
2022-06-30,4979,華星光,22.6,9.71,1.02,1.02,1350.0,1.02,1.02,1.02,1,1,1,0,0,0,3.96,0.17,,,,,,,,,,,,,,,華星光,4979,,,,v,,,,,,-0.74,-0.01,1,,,1.69,2.39,2.33,2.53,-0.62,-2.22,3,,3.95,-0.88,4.47,1,1,-2,3,2,2,通信網路業,,0.27,
2022-06-30,4755,三福化,158.5,-6.76,0.02,0.02,20.0,0.02,-0.07,-1.71,1,1,1,0,1,7,31.75,-0.11,,,,,,,,,,,,,,,三福化,4755,,,,,,,,,,2.5,3.24,3,,,-0.2,-0.54,-0.74,-6.52,1.0,6.69,1,,2.82,60.08,68.81,1,-1,-1,3,3,3,化學工業,0.46,0.1,0.72
2022-07-01,5903,全家,189.0,0.53,0.01,0.01,13.0,0.01,0.01,0.01,1,1,1,0,0,0,52.68,-0.0,,,,,,,,,,,,,,,全家,5903,,,,v,,,,,,2.75,0.76,-1,,,0.0,0.01,0.01,0.01,1.43,6.02,1,,2.09,3.71,1.86,1,3,3,-1,2,-1,貿易百貨,0.12,0.06,0.84
2022-07-01,5371,中光電,47.05,-6.27,0.0,0.0,2.0,0.0,0.0,0.0,1,1,1,0,0,0,21.02,-0.25,,,,,,,,,,,,,,,中光電,5371,,,,,,,,,,1.32,1.22,-2,,,-0.18,-1.16,-1.32,-1.58,0.93,5.12,1,,44.34,16.52,17.03,1,1,-3,3,-1,-1,光電業,0.73,0.78,0.21
2022-07-01,6182,合晶,45.05,-6.24,0.0,0.0,3.0,-0.01,-0.07,-0.97,1,1,1,1,4,11,13.59,0.63,,,,,,,,,,,,,,,合晶,6182,,,,,,,,,,1.08,0.9,3,,,0.45,0.17,0.04,-1.76,0.29,2.02,1,,2.36,21.77,27.97,1,1,-3,-1,-1,-1,半導體業,0.32,0.54,0.76
2022-07-01,6411,晶焱,105.5,-6.64,0.0,0.0,1.0,-0.01,-0.02,-0.01,1,1,3,1,2,2,12.99,0.06,,,,,,,,,,,,,,,晶焱,6411,,,,,,,,,,2.85,2.23,-1,,,0.04,-0.04,-0.32,-2.02,2.25,10.32,-1,,-18.16,7.26,-1.04,-1,-1,2,-1,-1,-1,半導體業,0.58,0.46,0.36
2022-07-01,8299,群聯,256.0,-5.54,0.0,0.0,2.0,-0.52,-1.51,-2.65,1,1,1,3,8,17,34.95,0.06,,,,,,,,,,,,,,,群聯,8299,,,,,,,,,,15.27,11.09,1,,,-0.09,-1.06,-1.82,-3.53,8.56,41.34,-2,,-13.59,-10.47,18.72,-2,-3,-3,-1,-2,1,半導體業,0.9,0.79,0.18
2022-07-04,5287,數字,195,1.04,0.01,0.01,4.0,0.01,0.01,0.01,1,1,1,0,0,0,31.16,0.01,,,,,,,,,,,,,,,數字,5287,,,,,,,,,,5.42,3,1,,,0,-0.04,-0.06,-0.06,3.43,12.13,,v,,,,,,,-1,-1,-1,電子商務,0.86,0.3,0.25
2022-07-05,6213,聯茂,70.9,2.9,0.01,0.01,40.0,-0.02,-0.07,-0.11,1,1,3,4,7,10,10.96,0.31,,,,,,,,,,,,,,,聯茂,6213,,,,,,,,,,3.27,2.11,1,,,-0.09,-0.36,-0.6,-1.09,1.93,9.0,-2,,-8.03,-8.23,4.96,-2,-3,-3,-2,-2,1,電子零組件業,0.81,0.56,0.28
2022-07-05,2027,大成鋼,34.3,2.69,0.0,0.0,1.0,-0.02,-0.03,-0.32,3,4,4,2,5,12,15.96,0.03,,,,,,,,,,,,,,,大成鋼,2027,,,,,,,,,,1.66,2.24,1,,,0.03,0.16,0.04,-0.73,0.88,5.76,-2,,-5.15,32.35,38.88,1,-2,-2,-3,-3,-2,鋼鐵工業,0.91,0.72,0.72
2022-07-06,4768,晶呈科技,116.0,3.57,0.14,0.14,49.0,0.14,0.14,0.14,1,1,3,0,0,1,3.55,-0.39,,,,,,,,,,,,,,,晶呈科技,4768,,,,,,,,,,inf,0.41,-2,,,-0.49,-0.6,-1.23,-0.85,,2.15,1,,89.24,73.8,35.8,1,1,1,-1,-1,-1,化學工業,0.1,0.05,0.92
2022-07-06,5534,長虹,71.9,-1.24,0.0,0.0,1.0,0.0,-0.05,-0.22,1,1,1,0,2,8,12.06,-0.02,,,,,,,,,,,,,,,長虹,5534,,,,,,,,,,4.42,4.32,2,,,0.0,0.01,0.01,-0.02,0.74,4.41,-2,,-48.01,92.08,353.46,-2,-2,-1,3,3,3,建材營造,0.6,0.55,0.54
2022-07-08,2497,怡利電,70.4,5.39,0.29,0.29,350.0,0.29,0.29,0.29,1,1,1,0,0,0,0.0,0.0,,,,,,,,,,,,,,,怡利電,2497,,,,,,,,,,-0.22,0.56,-1,,,,,,,0.09,0.81,1,,19.54,28.4,41.9,1,1,-3,1,1,-2,汽車工業,0.1,0.06,
2022-07-08,2748,雲品,43.45,2.24,0.03,0.03,30.0,0.03,0.03,0.03,1,1,1,0,0,0,0.0,0.0,,,,,,,,,,,,,,,雲品,2748,,,,v,,,,,,0.65,0.75,-1,,,,,,,0.37,-0.38,-2,,-38.43,29.24,8.92,-2,1,1,2,3,2,觀光事業,0.05,0.55,0.76
2022-07-08,6182,合晶,46.4,3.34,0.02,0.02,130.0,-0.03,-0.04,-0.87,1,2,2,2,3,11,0.0,0.0,,,,,,,,,,,,,,,合晶,6182,,,,,,,,,,1.08,0.9,3,,,,,,,0.29,2.02,1,,2.36,21.77,27.97,1,1,-3,-1,-1,-1,半導體業,0.33,0.55,0.77
2022-07-08,2481,強茂,58.0,3.94,0.0,0.0,1.0,-0.2,-0.24,-2.35,1,2,2,2,5,13,0.0,0.0,,,,,,,,,,,,,,,強茂,2481,,,,,,,,,,1.32,1.6,1,,,,,,,0.88,5.66,1,,2.67,-4.96,9.25,1,-3,-3,-2,-2,-1,半導體業,0.61,0.65,0.47
2022-07-11,2421,建準,33.5,0.6,0.08,0.08,200.0,0.08,0.08,0.08,1,1,1,0,0,0,16.7,-0.09,,,,,,,,,,,,,,,建準,2421,,,,v,,,,,,1.35,0.61,-1,,,0.0,-0.21,-0.5,-0.6,0.37,1.71,1,v,28.73,34.73,3.93,1,1,1,3,3,3,電子零組件業,0.28,0.3,0.71
2022-07-11,1904,正隆,25.9,0.58,0.0,0.0,1.0,-0.17,-0.32,-0.43,1,2,4,4,8,14,7.62,0.02,,,,,,,,,,,,,,,正隆,1904,,,,,,,,,,1.7,0.67,-1,,,0.02,-0.02,-0.31,-0.39,1.12,3.58,1,,-4.2,-3.47,4.53,1,-3,-3,-3,1,-3,造紙工業,1.0,0.57,0.5
2022-07-14,3163,波若威,52.0,9.94,0.2,0.2,150.0,0.2,0.2,0.2,1,1,1,0,0,0,4.76,0.06,,,,,,,,,,,,,,,波若威,3163,,,,v,,,,,,1.19,0.61,-1,,,1.51,1.8,1.32,-1.42,-0.13,1.09,3,,-4.97,76.07,53.37,-2,3,3,2,2,3,通信網路業,0.29,0.36,0.91
2022-07-14,6715,嘉基,155.5,0.65,0.05,0.05,28.0,0.05,0.05,-0.12,1,1,1,0,0,1,3.2,0.17,,,,,,,,,,,,,,,嘉基,6715,,,,v,,,,,,2.96,1.42,1,,,-0.04,0.53,0.91,2.2,0.89,3.05,1,v,13.15,96.79,50.42,1,1,3,1,1,1,電子零組件業,0.08,0.04,0.98
2022-07-14,3338,泰碩,38.8,3.19,0.04,0.04,38.0,0.04,0.04,0.04,1,1,1,0,0,0,4.34,0.05,,,,,,,,,,,,,,,泰碩,3338,,,,v,,,,,,1.3,0.71,-1,,,0.07,0.24,0.15,-0.05,0.13,2.13,1,,4.71,5.75,1.87,1,1,1,3,1,1,電子零組件業,0.36,0.27,0.64
2022-07-14,6138,茂達,139.0,4.51,0.01,0.01,10.0,-0.24,-1.37,-3.65,1,1,2,2,7,14,20.94,0.22,,,,,,,,,,,,,,,茂達,6138,,,,v,,,,,,5.32,4.27,3,,,0.14,0.23,0.29,-1.27,2.29,12.9,3,,-17.56,15.56,27.86,1,1,3,1,1,1,半導體業,0.62,0.15,0.36
2022-07-15,6438,迅得,90.2,2.5,0.21,0.21,150.0,0.21,0.07,-2.05,1,1,1,0,1,7,13.53,0.0,,,,,,,,,,,,,,,迅得,6438,,,,v,,,,,,3.88,2.21,-2.0,,,0.16,0.21,-0.12,-1.59,2.0,10.15,1,v,22.18,15.83,19.59,1,2,1,1,-2,1,其他電子業,0.76,0.39,0.29
2022-07-15,1733,五鼎,25.9,0.58,0.16,0.16,159.0,0.16,0.16,0.16,1,1,1,0,0,0,7.48,-0.2,,,,,,,,,,,,,,,五鼎,1733,,,,,,,,,,0.68,0.46,-1.0,,,-0.02,-0.25,0.58,0.8,0.34,2.03,2,,-11.07,20.71,6.52,-1,-1,3,-2,-1,-2,生技醫療業,0.91,0.76,0.28
2022-07-15,3580,友威科,57.4,2.32,0.1,0.1,39.0,0.1,0.1,0.1,1,1,1,0,0,0,4.01,0.15,,,,,,,,,,,,,,,友威科,3580,,,,v,,,,,,1.4,0.59,-1.0,,,0.03,-0.09,-0.2,-1.74,0.51,3.02,1,,18.06,74.09,20.92,1,1,1,-1,-1,-1,其他電子業,0.2,0.2,0.72
2022-07-15,3093,港建,152.0,-2.88,0.08,0.08,28.0,0.08,0.08,0.08,1,1,1,0,0,0,70.22,-0.54,,,,,,,,,,,,,,,港建,3093,,,,v,,,,,,4.21,3.44,3.0,,,0.11,-0.56,-0.05,-0.12,1.19,7.41,-1,v,19.15,98.79,60.13,-2,-1,-1,1,1,1,其他電子業,0.32,0.02,0.69
2022-07-15,1339,昭輝,40.0,-0.37,0.07,0.07,49.0,0.07,0.07,0.07,1,1,1,0,0,0,2.62,-0.12,,,,,,,,,,,,,,,昭輝,1339,,,,,,,,,,1.34,1.54,3.0,,,0.04,0.09,0.19,0.0,0.78,1.83,-1,,-7.18,8.3,2.92,-2,3,2,2,2,2,汽車工業,0.6,0.84,0.23
2022-07-15,1527,鑽全,41.2,0.73,0.06,0.06,82.0,0.06,0.06,0.06,1,1,1,0,0,0,11.11,-0.13,,,,,,,,,,,,,,,鑽全,1527,,,,,,,,,,2.7,1.49,1.0,,,-0.02,-0.24,-0.35,0.15,1.06,3.37,1,,-22.03,-19.66,-0.4,1,-2,-1,1,1,2,電機機械,0.79,0.66,0.24
2022-07-15,4104,佳醫,63.0,0.16,0.05,0.05,75.0,0.05,0.05,0.05,1,1,1,0,0,0,7.94,-0.07,,,,,,,,,,,,,,,佳醫,4104,,,,,,,,,,2.07,1.19,-1.0,,,-0.01,-0.25,-0.42,-0.35,0.93,4.3,-1,,-8.96,5.42,5.38,-2,-1,-1,-2,2,-1,生技醫療業,0.78,0.87,0.15
2022-07-15,4426,利勤,26.75,1.13,0.05,0.05,93.0,0.05,0.05,0.05,1,1,1,0,0,0,5.61,-0.13,,,,,,,,,,,,,,,利勤,4426,,,,,,,,,,0.16,-0.49,3.0,,,-0.04,-0.29,0.01,0.8,-0.33,-2.15,3,,-10.21,114.77,50.23,-2,-1,3,2,1,2,紡織纖維,,0.2,
2022-07-15,1701,中化,21.55,0.0,0.05,0.05,161.0,0.05,0.05,0.05,1,1,1,0,0,0,12.4,-0.01,,,,,,,,,,,,,,,中化,1701,,,,,,,,,,0.78,0.3,-1.0,,,0.0,-0.04,0.05,0.5,0.43,1.74,1,,2.37,5.02,-0.38,1,-2,-1,-1,-3,-1,生技醫療業,0.83,0.98,0.44
2022-07-15,6197,佳必琪,33.1,-8.69,0.05,0.05,60.0,0.05,0.05,0.05,1,1,1,0,0,0,7.81,-0.22,,,,,,,,,,,,,,,佳必琪,6197,,,,,,,,,,1.34,0.34,-1.0,,,-0.14,-0.47,-0.64,-1.0,0.48,3.06,3,,-2.74,7.88,12.21,1,1,1,3,-1,-1,電子零組件業,0.56,0.45,0.08
2022-07-15,1217,愛之味,10.35,-0.48,0.04,0.04,207.0,0.04,0.04,0.04,1,1,1,0,0,0,6.12,-0.06,,,,,,,,,,,,,,,愛之味,1217,,,,,,,,,,0.13,0.1,1.0,,,0.0,-0.08,-0.06,0.16,0.14,0.41,1,,4.72,-13.27,-1.89,1,-1,-1,-1,-1,1,食品工業,0.15,0.96,0.8
2022-07-15,2534,宏盛,23.95,0.0,0.04,0.04,203.0,0.04,0.04,0.04,1,1,1,0,0,0,8.61,-0.08,,,,,,,,,,,,,,,宏盛,2534,,,,,,,,,,1.03,0.84,3.0,,,-0.01,-0.22,-0.14,0.15,0.37,1.78,1,,-12.12,-11.54,31.18,1,1,3,1,1,1,建材營造,0.49,0.7,0.7
2022-07-15,1734,杏輝,28.05,-0.36,0.03,0.03,45.0,0.03,0.03,0.03,1,1,1,0,0,0,6.35,-0.2,,,,,,,,,,,,,,,杏輝,1734,,,,,,,,,,-0.04,0.35,2.0,,,-0.16,-0.47,0.36,2.37,0.03,-0.23,1,,-7.13,19.29,13.0,1,1,1,2,-1,2,生技醫療業,0.01,0.66,0.98
2022-07-15,1310,台苯,13.4,-0.74,0.03,0.03,142.0,0.03,0.03,0.03,1,1,1,0,0,0,6.58,-0.01,,,,,,,,,,,,,,,台苯,1310,,,,,,,,,,0.73,0.18,1.0,,,0.0,-0.13,-0.21,-1.08,0.45,0.2,3,,-18.28,4.44,32.14,1,-2,-2,2,2,2,塑膠工業,,0.6,1.0
2022-07-15,1444,力麗,10.05,0.0,0.02,0.02,147.0,0.02,0.02,0.02,1,1,1,0,0,0,5.84,0.01,,,,,,,,,,,,,,,力麗,1444,,,,,,,,,,0.12,0.28,-1.0,,,0.01,0.01,0.07,0.16,0.08,0.68,-1,,4.27,18.39,37.84,-1,-1,-1,1,-2,-1,紡織纖維,0.58,0.62,0.71
2022-07-15,1789,神隆,24.35,0.21,0.02,0.02,154.0,0.02,0.02,0.02,1,1,1,0,0,0,4.24,-0.03,,,,,,,,,,,,,,,神隆,1789,,,,,,,,,,0.19,0.1,2.0,,,0.0,0.02,0.13,0.72,0.11,0.31,1,,-18.67,16.93,11.14,1,1,1,-1,-1,-1,生技醫療業,0.09,0.57,0.8
2022-07-15,1219,福壽,19.4,-0.51,0.02,0.02,74.0,0.02,0.02,0.02,1,1,1,0,0,0,5.57,-0.05,,,,,,,,,,,,,,,福壽,1219,,,,,,,,,,0.58,0.63,2.0,,,-0.02,0.21,-0.01,0.27,0.73,1.0,-2,,-7.28,31.34,18.6,1,1,3,2,2,2,食品工業,0.35,0.71,0.16
2022-07-15,1104,環泥,22.4,0.0,0.02,0.02,143.0,0.02,0.02,0.02,1,1,1,0,0,0,13.25,-0.0,,,,,,,,,,,,,,,環泥,1104,,,,v,,,,,,1.07,0.82,2.0,,,0.01,0.1,0.28,0.39,0.35,1.66,-1,,6.69,40.75,12.94,-2,-1,-1,-1,-1,2,水泥工業,0.86,0.86,0.71
2022-07-15,4746,台耀,46.55,-1.06,0.01,0.01,18.0,0.01,0.01,0.01,1,1,1,0,0,0,1.99,-0.05,,,,,,,,,,,,,,,台耀,4746,,,,,,,,,,2.49,-3.33,-1.0,,,-0.09,-0.09,-0.01,0.66,9.84,10.92,-2,,29.59,8.33,6.63,-2,-2,-2,2,2,-1,生技醫療業,,0.98,0.4
2022-07-15,2867,三商壽,6.33,-7.05,0.01,0.01,204.0,0.01,0.01,0.01,1,1,1,0,0,0,5.84,-0.04,,,,,,,,,,,,,,,三商壽,2867,,,,,,,,,,0.14,-1.22,-2.0,,,-0.2,-0.32,-0.31,-0.12,0.65,0.42,-2,,,,,1,1,1,-2,-2,-2,金融保險業,,0.97,
2022-07-15,2419,仲琦,25.0,1.01,0.01,0.01,39.0,0.01,0.01,0.01,1,1,1,0,0,0,1.24,-0.01,,,,,,,,,,,,,,,仲琦,2419,,,,v,,,,,,0.39,0.23,1.0,,,-1.49,0.48,1.54,1.44,,0.22,1,v,54.87,96.21,6.3,1,-1,3,3,1,1,通信網路業,0.14,0.49,0.88
2022-07-15,2614,東森,22.9,-0.43,0.01,0.01,37.0,0.01,0.01,0.01,1,1,1,0,0,0,2.77,-0.02,,,,,,,,,,,,,,,東森,2614,,,,v,,,,,,0.4,0.17,-2.0,,,-0.01,0.15,0.59,0.35,0.1,1.37,-2,,1.77,9.97,11.29,-2,-2,-2,-1,-1,1,其他,0.42,0.28,0.63
2022-07-15,2608,嘉里大榮,38.1,0.13,0.01,0.01,29.0,0.01,0.01,0.01,1,1,1,0,0,0,4.29,0.05,,,,,,,,,,,,,,,嘉里大榮,2608,,,,,,,,,,1.57,0.62,-1.0,,,0.02,0.03,0.07,0.22,0.65,2.99,1,,-4.05,-2.73,1.57,1,-2,-1,2,2,2,航運業,0.41,0.38,0.63
2022-07-15,2601,益航,9.39,-0.74,0.01,0.01,81.0,0.01,0.01,0.01,1,1,1,0,0,0,11.98,-0.05,,,,,,,,,,,,,,,益航,2601,,,,,,,,,,0.22,0.13,1.0,,,-0.02,0.07,0.42,0.95,0.01,0.2,1,,1.01,3.37,-3.5,1,-1,-3,-3,2,-2,貿易百貨,0.28,0.86,
2022-07-15,2013,中鋼構,53.1,0.0,0.01,0.01,13.0,0.01,0.01,0.01,1,1,1,0,0,0,7.66,-0.03,,,,,,,,,,,,,,,中鋼構,2013,,,,,,,,,,0.96,0.55,-1.0,,,0.0,-0.01,-0.02,-0.05,0.39,2.49,-2,,29.7,28.87,26.06,-2,-1,-1,1,-2,1,鋼鐵工業,0.09,0.08,0.95
2022-07-15,1714,和桐,8.92,0.79,0.01,0.01,82.0,0.01,0.01,0.01,1,1,1,0,0,0,18.64,0.0,,,,,,,,,,,,,,,和桐,1714,,,,v,,,,,,0.27,0.17,1.0,,,0.01,-0.07,-0.16,-0.33,0.29,0.72,-1,,-2.07,19.01,8.85,-2,2,3,1,1,-1,化學工業,0.59,0.98,0.42
2022-07-15,1447,力鵬,7.61,-0.52,0.01,0.01,77.0,0.01,0.01,0.01,1,1,1,0,0,0,6.23,-0.02,,,,,,,,,,,,,,,力鵬,1447,,,,,,,,,,-0.05,0.13,,,,0.0,-0.03,-0.01,-0.12,0.18,0.31,1,,0.0,53.33,17.51,1,1,1,1,-3,1,紡織纖維,0.16,0.96,
2022-07-15,1218,泰山,35.0,-0.71,0.01,0.01,72.0,0.01,0.01,0.01,1,1,1,0,0,0,3.02,-0.01,,,,,,,,,,,,,,,泰山,1218,,,,v,,,,,,0.79,0.29,-1.0,,,0.04,0.26,1.35,1.49,0.34,1.22,-2,,-2.76,10.45,13.43,1,-3,-3,-1,-1,-1,食品工業,0.12,0.29,0.84
2022-07-15,6589,台康生技,80.4,-0.74,0.01,0.01,35.0,0.01,0.01,0.01,1,1,1,0,0,0,5.53,-0.03,,,,,,,,,,,,,,,台康生技,6589,,,,,,,,,,-2.46,0.05,1.0,,,-0.02,-0.08,-0.15,-0.01,-1.11,-0.18,3,,-8.61,-4.45,13.11,-1,-1,-3,-2,1,1,生技醫療業,0.06,0.4,
2022-07-15,2642,宅配通,51.9,-1.14,0.0,0.0,4.0,0.0,0.0,0.0,1,1,1,0,0,0,6.19,-0.11,,,,,,,,,,,,,,,宅配通,2642,,,,,,,,,,1.03,0.38,-3.0,,,-0.06,0.06,0.62,0.38,0.64,2.52,3,,-1.1,-7.01,2.82,1,-1,-1,-3,-3,-3,航運業,0.19,0.14,0.67
2022-07-15,1455,集盛,11.15,-1.33,0.0,0.0,24.0,0.0,0.0,0.0,1,1,1,0,0,0,2.07,-0.01,,,,,,,,,,,,,,,集盛,1455,,,,,,,,,,0.16,0.15,2.0,,,-0.02,0.05,0.2,0.36,0.72,1.73,-2,,21.58,-2.9,5.25,-2,-2,-2,1,1,2,紡織纖維,0.74,0.75,0.17
2022-07-15,5234,達興材料,69.9,-0.99,0.0,0.0,1.0,-0.36,-0.87,-0.9,1,1,2,3,5,6,10.35,-0.03,,,,,,,,,,,,,,,達興材料,5234,,,,,,,,,,3.24,1.59,-2.0,,,-0.03,-0.25,-0.95,-1.33,1.58,6.62,1,,-25.92,-20.69,3.63,1,1,-2,-2,-2,-2,光電業,0.57,0.18,0.29
2022-07-18,2027,大成鋼,35.1,3.39,0.15,0.15,3059.0,0.14,0.14,0.11,1,5,8,1,1,7,15.7,0.01,,,,,,,,,,,,,,,大成鋼,2027,,,,v,,,,,,2.5,2.24,1,,,0.13,0.04,0.15,0.2,0.88,5.76,-2,,-5.28,15.33,34.4,1,-2,-2,-3,-3,-2,鋼鐵工業,0.86,0.67,0.78
2022-07-18,2915,潤泰全,80.5,2.81,0.1,0.1,718.0,0.09,0.08,0.08,1,3,7,1,2,3,9.42,0.03,,,,,,,,,,,,,,,潤泰全,2915,,,,v,,,,,,5.66,6.19,1,,,0.11,0.17,0.36,0.16,12.8,22.49,-1,,28.77,36.0,14.53,-1,-1,-3,-2,-2,-1,貿易百貨,1.0,0.75,0.28
2022-07-18,1471,首利,7.88,3.82,0.05,0.05,73.0,0.05,0.05,0.05,1,1,1,0,0,0,0.44,0.02,,,,,,,,,,,,,,,首利,1471,,,,v,,,,,,-0.07,0.05,-1,,,0.03,0.03,-0.0,0.03,0.01,-0.12,-1,,35.76,9.78,-42.65,-2,-1,2,2,2,3,電子零組件業,,0.72,
2022-07-18,3047,訊舟,13.0,1.17,0.05,0.05,99.0,0.05,0.05,0.05,1,1,1,0,0,0,3.96,-0.26,,,,,,,,,,,,,,,訊舟,3047,,,,v,,,,,,0.06,0.15,1,,,-0.09,0.43,0.44,-0.13,-0.16,-0.29,1,,1.62,9.11,13.53,1,1,1,1,3,1,通信網路業,0.02,0.85,
2022-07-18,1236,宏亞,26.3,2.53,0.04,0.04,39.0,0.04,0.04,0.04,1,1,1,0,0,0,0.61,0.06,,,,,,,,,,,,,,,宏亞,1236,,,,,,,,,,0.0,3.89,3,,,0.06,-0.17,-0.24,-0.57,0.57,-0.25,1,,-17.34,36.7,12.82,1,1,3,2,-1,2,食品工業,0.96,0.82,1.0
2022-07-18,6216,居易,28.55,1.42,0.04,0.04,35.0,0.04,0.04,0.04,1,1,1,0,0,0,2.43,0.11,,,,,,,,,,,,,,,居易,6216,,,,,,,,,,1.16,0.68,3,,,-0.05,-1.76,-2.02,-1.78,0.4,1.85,1,,-33.49,20.67,37.82,1,1,3,2,2,2,通信網路業,0.77,0.58,0.2
2022-07-18,4912,聯德控股-KY,104.5,4.5,0.04,0.04,23.0,0.04,0.04,0.04,1,1,1,0,0,0,29.59,0.08,,,,,,,,,,,,,,,聯德控股-KY,4912,,,,,,,,,,4.75,1.9,1,,,0.07,0.1,0.05,-0.05,3.01,7.51,1,,1.66,20.13,1.08,1,1,1,1,1,1,電子零組件業,0.33,0.24,0.65
2022-07-18,3704,合勤控,28.5,3.83,0.04,0.04,163.0,0.04,0.04,0.04,1,1,1,0,0,0,8.12,0.07,,,,,,,,,,,,,,,合勤控,3704,,,,v,,,,,,0.46,0.74,1,,,-0.05,0.01,0.04,0.11,0.29,2.49,1,,38.2,24.72,2.29,1,1,1,1,1,1,通信網路業,0.91,0.69,0.93
2022-07-18,3622,洋華,29.5,2.43,0.04,0.04,56.0,0.04,0.04,0.04,1,1,1,0,0,0,1.74,0.04,,,,,,,,,,,,,,,洋華,3622,,,,,,,,,,1.05,0.28,-2,,,0.01,0.01,0.0,0.28,0.19,1.85,1,,6.15,103.44,35.49,1,3,3,-1,-1,3,光電業,0.4,0.84,0.61
2022-07-18,2906,高林,18.8,5.92,0.04,0.04,79.0,0.04,0.04,0.04,1,1,1,0,0,0,6.38,0.56,,,,,,,,,,,,,,,高林,2906,,,,,,,,,,0.17,0.18,3,,,0.51,-0.21,0.18,1.13,0.05,0.43,1,,-39.38,10.71,23.47,1,1,1,2,1,2,貿易百貨,0.24,0.61,0.88
2022-07-18,2362,藍天,30.65,0.82,0.04,0.04,249.0,0.04,0.04,0.04,1,1,1,0,0,0,10.44,-0.01,,,,,,,,,,,,,,,藍天,2362,,,,,,,,,,1.04,1.01,3,,,0.0,0.0,0.0,-0.07,0.54,3.03,1,,-9.52,-10.55,-6.36,1,1,1,-1,-1,-1,電腦及週邊設備業,0.75,1.0,0.34
2022-07-18,1451,年興,20.8,2.21,0.03,0.03,66.0,0.03,0.03,0.03,1,1,1,0,0,0,7.08,-0.02,,,,,,,,,,,,,,,年興,1451,,,,,,,,,,0.11,0.94,1,,,0.0,-0.16,-0.25,0.0,0.33,1.23,3,,-12.8,14.56,23.67,-1,2,2,-2,1,-1,紡織纖維,0.64,0.99,0.37
2022-07-18,2482,連宇,27.7,5.52,0.03,0.03,24.0,0.03,0.03,0.03,1,1,1,0,0,0,2.61,0.11,,,,,,,,,,,,,,,連宇,2482,,,,,,,,,,0.01,0.84,1,,,0.86,-3.97,0.96,-0.6,-0.43,0.11,3,,-29.47,20.49,25.11,-2,3,3,-1,-2,3,其他電子業,0.21,0.43,
2022-07-18,2331,精英,21.0,2.94,0.03,0.03,177.0,0.03,0.03,0.03,1,1,1,0,0,0,7.13,0.01,,,,,,,,,,,,,,,精英,2331,,,,v,,,,,,0.03,0.32,2,,,0.07,0.15,-0.08,0.31,-0.4,0.13,3,v,23.34,51.87,30.7,1,3,3,-1,-1,-1,電腦及週邊設備業,0.2,0.7,
2022-07-18,6715,嘉基,155.0,2.31,0.03,0.03,16.0,-0.03,-0.03,-0.03,2,2,2,1,1,1,3.23,0.27,,,,,,,,,,,,,,,嘉基,6715,,,,v,,,,,,2.96,1.42,1,,,0.1,-0.03,0.58,2.39,0.89,3.05,1,v,13.15,96.79,50.42,1,1,3,1,1,1,電子零組件業,0.08,0.04,0.98
2022-07-18,4763,材料-KY,105.5,-1.4,0.02,0.02,12.0,0.02,0.02,0.02,1,1,1,0,0,0,68.31,-0.15,,,,,,,,,,,,,,,材料-KY,4763,,,,,,,,,,5.38,6.82,1,,,-0.08,-0.2,-0.1,-0.23,1.62,6.23,3,v,0.55,52.16,41.18,1,3,3,1,2,1,化學工業,0.95,0.17,0.34
2022-07-18,2472,立隆電,56.1,1.45,0.01,0.01,21.0,0.01,0.01,0.01,1,3,5,1,1,3,1.79,0.01,,,,,,,,,,,,,,,立隆電,2472,,,,v,,,,,,3.14,1.68,1,,,0.01,0.01,-0.04,-0.43,1.27,6.12,-1,,-1.51,14.52,18.78,-2,1,-2,-1,-2,-1,電子零組件業,0.78,0.51,0.43
2022-07-18,3209,全科,38.8,3.33,0.01,0.01,26.0,-0.05,-0.05,-0.05,1,1,1,2,2,2,6.42,0.13,,,,,,,,,,,,,,,全科,3209,,,,v,,,,,,1.76,1.32,1,,,0.25,0.29,0.17,-0.77,0.92,4.05,-1,,-3.76,40.05,25.71,-2,1,1,-3,1,2,電子通路業,0.52,0.23,0.48
2022-07-18,2393,億光,41.9,1.58,0.01,0.01,57.0,-0.19,-0.19,-0.54,1,1,1,4,4,12,30.46,-0.04,,,,,,,,,,,,,,,億光,2393,,,,v,,,,,,1.25,1.05,1,,,-0.01,-0.09,-0.2,-0.6,1.03,4.37,1,,-8.82,-25.65,-15.94,1,1,1,-3,-3,1,光電業,0.7,0.74,0.17
2022-07-18,2028,威致,21.55,4.36,0.01,0.01,42.0,0.01,0.01,0.01,1,1,1,0,0,0,1.03,0.12,,,,,,,,,,,,,,,威致,2028,,,,v,,,,,,1.48,0.92,-2,,,0.03,-0.01,0.02,-0.18,0.95,5.11,-2,,-7.53,-9.53,16.38,-2,-2,-1,-3,-3,-3,鋼鐵工業,0.98,0.41,0.1
2022-07-19,3441,聯一光電,39.4,-1.5,0.06,0.06,25.0,0.06,0.06,0.06,1,1,1,0,0,0,1.02,-0.09,,,,,,,,,,,,,,,聯一光電,3441,,,,v,,,,,,0.05,0.65,3,,,-0.07,-0.11,-0.02,0.15,0.03,0.63,-2,,3.15,8.94,21.54,-2,-2,-1,-1,-3,1,光電業,0.21,0.18,0.94
2022-07-19,2231,為升,139.5,-0.36,0.0,0.0,1.0,-0.0,-0.0,-0.0,1,2,2,1,1,2,7.89,0.01,,,,,,,,,,,,,,,為升,2231,,,,v,,,,,,2.84,1.45,1,,,0.0,0.16,0.19,0.25,1.61,4.23,1,,-1.57,30.86,-14.61,1,1,1,-3,-3,-3,汽車工業,0.27,0.12,0.9
2022-07-19,2481,強茂,60.9,1.84,0.0,0.0,1.0,-0.0,-0.16,-0.24,1,2,3,1,2,8,12.39,0.03,,,,,,,,,,,,,,,強茂,2481,,,,v,,,,,,1.97,1.6,1,,,0.04,0.04,-0.09,0.08,0.88,5.66,1,,3.68,-3.16,6.96,1,-3,-3,-2,-2,-1,半導體業,0.58,0.61,0.5
2022-07-19,6138,茂達,137.0,-2.14,0.0,0.0,1.0,-0.01,-0.96,-1.72,2,2,3,1,5,12,19.8,-0.46,,,,,,,,,,,,,,,茂達,6138,,,,v,,,,,,5.32,4.27,3,,,-0.27,-0.46,-0.57,-1.19,2.29,12.9,3,,-17.56,15.56,27.86,1,1,3,1,1,1,半導體業,0.65,0.18,0.36
2022-07-19,6214,精誠,72.0,0.0,0.0,0.0,1.0,-0.0,-0.0,-0.0,1,2,3,1,1,2,10.92,-0.0,,,,,,,,,,,,,,,精誠,6214,,,,v,,,,,,3.77,1.27,1,,,0.0,-0.02,-0.04,-0.15,2.03,4.9,1,v,52.54,28.02,8.76,1,1,1,-2,-1,1,資訊服務業,0.33,0.82,0.31
2022-07-19,8070,長華*,32.55,-0.15,0.0,0.0,2.0,-0.0,-0.0,-0.0,1,4,9,1,1,2,11.04,0.0,,,,,,,,,,,,,,,長華*,8070,,,,v,,,,,,6.71,0.86,1,,,-0.01,0.12,-0.11,-0.29,0.36,2.54,1,,-1.49,13.05,20.85,1,1,1,1,-1,3,電子通路業,0.29,0.26,0.76
2022-07-20,6133,金橋,16.7,5.7,0.13,0.13,157.0,0.13,0.13,0.13,1,1,1,0,0,0,9.05,1.13,,,,,,,,,,,,,,,金橋,6133,,,,v,,,,,,-0.03,0.04,3,,,-2.1,3.65,4.16,2.96,-0.14,-0.48,1,v,4.7,65.35,41.62,1,1,3,2,3,3,電子零組件業,,0.43,
2022-07-20,1904,正隆,26.35,0.0,0.0,0.0,2.0,-0.16,-0.33,-0.56,1,2,5,4,8,14,7.75,-0.02,,,,,,,,,,,,,,,正隆,1904,,,,,,,,,,1.7,0.67,-1,,,-0.01,-0.03,-0.04,-0.37,1.12,3.58,1,,-4.2,-3.47,4.53,1,-3,-3,-3,1,-3,造紙工業,1.0,0.57,0.5
2022-07-20,3714,富采,50.6,0.2,0.0,0.0,1.0,-0.0,-0.04,-0.18,1,3,5,2,4,11,14.39,-0.0,,,,,,,,,,,,,,,富采,3714,,,,v,,,,,,1.44,1.11,1,,,0.06,0.28,0.36,-0.11,-0.38,3.21,-2,,-11.16,-30.81,0.51,-2,-3,-3,1,-1,1,光電業,0.57,0.87,0.61
2022-07-21,2485,兆赫,16.6,2.47,0.03,0.03,88.0,0.03,0.03,0.03,1,1,1,0,0,0,0.0,0.0,,,,,,,,,,,,,,,兆赫,2485,,,,v,,,,,,-0.1,-0.27,1,,,0.03,0.05,-0.03,0.04,-0.23,-1.11,1,,28.77,-5.76,-5.47,1,1,1,-1,-2,-1,通信網路業,,0.94,
2022-07-21,4119,旭富,80.0,1.27,0.02,0.02,18.0,-0.04,-0.04,-0.04,1,2,3,1,1,1,0.0,0.0,,,,,,,,,,,,,,,旭富,4119,,,,v,,,,,,0.85,0.43,1,,,0.01,-0.13,-0.19,-0.16,0.52,0.58,1,,-15.85,-2.12,-26.15,1,1,3,1,1,-1,生技醫療業,0.05,0.43,
2022-07-21,1736,喬山,53.0,0.95,0.01,0.01,27.0,0.01,0.01,0.01,1,1,1,0,0,0,0.0,0.0,,,,,,,,,,,,,,,喬山,1736,,,,,,,,,,1.05,0.27,-1,,,0.0,0.0,-0.01,0.09,0.22,0.13,1,,-3.37,-5.17,1.69,1,1,1,-1,-1,-1,生技醫療業,0.02,0.59,0.95
2022-07-21,2704,國賓,32.7,0.46,0.01,0.01,49.0,-0.04,-0.04,-0.04,1,3,9,1,1,1,0.0,0.0,,,,,,,,,,,,,,,國賓,2704,,,,v,,,,,,0.14,-0.02,1,,,0.0,0.0,0.04,0.04,-0.02,-0.24,-3,,32.08,138.43,-16.49,-2,1,1,-1,-1,-1,觀光事業,,0.91,
2022-07-21,2031,新光鋼,35.7,-0.83,0.0,0.0,12.0,0.0,0.0,-0.06,1,1,1,0,0,3,0.0,0.0,,,,,,,,,,,,,,,新光鋼,2031,,,,v,,,,,,3.16,0.73,-3,,,-0.03,-0.07,0.17,-0.66,2.0,8.62,-2,,7.58,1.99,23.0,1,-2,-2,-3,-3,-1,鋼鐵工業,0.93,0.83,0.1
2022-07-21,2457,飛宏,37.35,3.61,0.0,0.0,7.0,0.0,0.0,0.0,1,1,1,0,0,0,0.0,0.0,,,,,,,,,,,,,,,飛宏,2457,,,,v,,,,,,-0.32,-0.21,-1,,,0.29,0.05,0.74,0.83,-0.51,-0.92,-2,v,42.97,44.84,18.54,1,1,1,-1,-1,1,電子零組件業,,0.16,
2022-07-21,2030,彰源,22.2,-7.69,0.0,0.0,11.0,0.0,0.0,0.0,1,1,1,0,0,0,0.0,0.0,,,,,,,,,,,,,,,彰源,2030,,,,,,,,,,1.32,1.25,-1,,,-0.11,-0.71,-0.63,-0.48,0.45,4.29,1,,-4.85,10.12,32.39,1,-2,-2,-3,-3,-3,鋼鐵工業,0.98,0.64,0.32
2022-07-21,2617,台航,28.0,2.19,0.0,0.0,8.0,0.0,0.0,0.0,1,1,1,0,0,0,0.0,0.0,,,,,,,,,,,,,,,台航,2617,,,,v,,,,,,1.21,0.59,-2,,,-0.18,-0.17,-0.16,-0.18,0.37,3.16,3,v,3.0,31.22,24.33,1,1,-3,-3,-3,-2,航運業,0.52,1.0,0.41
2022-07-21,2009,第一銅,27.65,-1.78,0.0,0.0,17.0,0.0,0.0,0.0,1,1,1,0,0,0,0.0,0.0,,,,,,,,,,,,,,,第一銅,2009,,,,v,,,,,,0.19,0.02,-2,,,-0.09,0.01,0.04,0.16,0.3,1.18,1,,-19.55,-20.78,4.37,1,-1,-3,-3,-3,-3,鋼鐵工業,0.07,0.27,0.95
2022-07-21,3016,嘉晶,84.8,1.68,0.0,0.0,4.0,-0.05,-0.05,-0.05,1,1,2,3,3,3,0.0,0.0,,,,,,,,,,,,,,,嘉晶,3016,,,,v,,,,,,0.53,0.64,1,,,0.0,-0.19,-0.05,-0.15,0.16,1.35,3,v,1.16,20.43,27.95,1,-2,-2,-1,-2,-1,半導體業,0.08,0.1,0.91
2022-07-21,3059,華晶科,38.7,-0.39,0.0,0.0,8.0,0.0,0.0,0.0,1,1,1,0,0,0,0.0,0.0,,,,,,,,,,,,,,,華晶科,3059,,,,v,,,,,,0.46,0.46,1,,,-1.18,-0.61,-1.27,-2.11,0.12,0.85,1,v,17.9,70.04,57.01,1,1,1,-1,1,1,光電業,0.19,0.59,0.82
2022-07-21,3062,建漢,29.6,7.64,0.0,0.0,12.0,0.0,0.0,0.0,1,1,1,0,0,0,0.0,0.0,,,,,,,,,,,,,,,建漢,3062,,,,v,,,,,,0.07,-0.29,-2,,,1.51,1.58,4.59,6.16,-0.05,0.07,1,,76.66,92.99,-2.46,1,1,1,-1,-3,-2,通信網路業,,0.47,1.0
2022-07-21,3481,群創,11.25,0.45,0.0,0.0,96.0,-0.04,-0.04,-0.03,3,6,13,1,2,5,0.0,0.0,,,,,,,,,,,,,,,群創,3481,,,,,,,,,,0.23,0.18,-2,,,0.05,0.39,-0.02,-0.23,1.15,5.53,-2,,7.12,-38.8,-27.83,1,-3,-3,-2,-3,-2,光電業,1.0,0.99,0.12
2022-07-21,2029,盛餘,23.0,0.0,0.0,0.0,9.0,0.0,0.0,0.0,1,1,1,0,0,0,0.0,0.0,,,,,,,,,,,,,,,盛餘,2029,,,,,,,,,,0.91,0.78,-3,,,-0.01,-0.07,-0.32,-0.59,0.86,3.94,-2,,-1.94,-12.26,15.59,-2,-2,-2,-3,-3,-3,鋼鐵工業,0.8,1.0,0.12
2022-07-21,4976,佳凌,44.15,0.11,0.0,0.0,5.0,0.0,0.0,0.0,1,1,1,0,0,0,0.0,0.0,,,,,,,,,,,,,,,佳凌,4976,,,,v,,,,,,-0.08,-0.14,1,,,-0.04,-1.06,-0.64,-0.83,0.24,0.05,3,,5.49,-20.79,-37.86,-2,3,3,-1,-1,1,光電業,,0.21,
2022-07-21,5234,達興材料,72.9,2.82,0.0,0.0,4.0,-0.01,-0.59,-0.88,2,2,3,1,5,6,0.0,0.0,,,,,,,,,,,,,,,達興材料,5234,,,,v,,,,,,3.24,1.59,-2,,,-0.03,-0.09,-0.59,-1.26,1.58,6.62,1,,-25.92,-20.69,3.63,1,1,-2,-2,-2,-2,光電業,0.58,0.16,0.29
2022-07-21,6116,彩晶,10.3,0.49,0.0,0.0,33.0,-0.01,-0.01,-0.01,1,1,4,1,1,1,0.0,0.0,,,,,,,,,,,,,,,彩晶,6116,,,,,,,,,,0.54,-0.15,-3,,,0.05,0.14,0.18,0.32,1.0,2.75,1,,-6.08,-39.84,-40.78,1,1,-3,1,1,-3,光電業,0.92,0.94,0.08
2022-07-22,2481,強茂,65.8,-0.6,0.11,0.11,416.0,0.11,0.11,-0.13,2,2,4,1,2,7,11.34,-0.26,,,,,,,,,,,,,,,強茂,2481,,,,v,,,,,,1.97,1.6,1.0,,,-0.01,-0.54,-0.66,-0.25,0.88,5.66,1.0,,3.68,-3.16,6.96,1.0,-3.0,-3.0,-2.0,-2.0,-1.0,半導體業,0.56,0.58,0.52
2022-07-22,6789,采鈺,311.5,1.47,0.09,0.09,250.0,0.09,0.09,0.09,1,1,1,0,0,0,12.48,0.03,,,,,,,,,,,,,,,采鈺,6789,,,,v,,,,,,,1.78,,,,0.07,0.07,-0.29,-0.18,,7.41,,v,-7.51,-2.49,30.44,,,,,,,半導體業,0.1,0.04,0.99
2022-07-22,1708,東鹼,45.25,-0.77,0.0,0.0,2.0,-0.12,-0.12,-0.12,1,2,8,3,3,3,13.66,-0.74,,,,,,,,,,,,,,,東鹼,1708,,,,,,,,,,1.48,1.51,3.0,,,-0.47,-1.72,-5.16,-3.04,0.23,2.69,-3.0,v,49.31,82.84,94.33,-1.0,1.0,-3.0,2.0,3.0,2.0,化學工業,0.82,0.36,0.5
2022-07-25,1904,正隆,26.7,-0.56,0.0,0.0,1.0,-0.09,-0.3,-0.62,2,2,4,3,8,16,7.75,0.02,,,,,,,,,,,,,,,正隆,1904,,,,v,,,,,,1.7,0.67,-1,,,-0.01,0.02,-0.03,-0.34,1.12,3.58,1,,-4.2,-3.47,4.53,1,-3,-3,-3,1,-3,造紙工業,1.0,0.57,0.5
2022-07-25,2606,裕民,42.1,-1.75,0.0,0.0,3.0,-0.47,-0.58,-0.72,1,1,2,4,9,18,11.25,-0.07,,,,,,,,,,,,,,,裕民,2606,,,,v,,,,,,1.64,1.0,-2,,,0.02,-1.02,-1.1,-1.25,0.41,5.79,1,,15.32,17.72,16.67,1,1,-2,-1,-1,-1,航運業,0.59,0.64,0.41
2022-07-26,6442,光聖,45.9,-2.24,0.19,0.19,133.0,0.19,0.19,0.19,1,1,1,0,0,0,33.08,-0.12,,,,,,,,,,,,,,,光聖,6442,,,,v,,,,,,0.43,1.13,2,,,-0.14,-0.78,-0.49,-0.6,0.21,1.56,1,,30.22,36.83,4.2,1,1,-2,-1,2,2,通信網路業,0.55,0.51,0.7
2022-07-26,6190,萬泰科,34.95,0.43,0.06,0.06,96.0,0.06,0.06,0.06,1,1,1,0,0,0,2.13,-0.06,,,,,,,,,,,,,,,萬泰科,6190,,,,v,,,,,,1.16,0.57,2,,,0.04,0.1,0.47,0.48,0.31,1.68,-1,,-1.37,30.62,37.64,-2,-1,-1,1,2,2,通信網路業,0.44,0.32,0.5
2022-07-26,6177,達麗,30.85,0.49,0.02,0.02,85.0,0.02,0.02,0.02,1,1,1,0,0,0,3.38,-0.01,,,,,,,,,,,,,,,達麗,6177,,,,v,,,,,,2.9,1.67,-1,,,0.05,0.06,-0.01,-0.03,-0.1,4.03,-2,,511.87,60.27,159.5,1,-2,-2,1,-1,-1,建材營造,0.84,0.24,0.18
2022-07-27,3006,晶豪科,82.4,0.61,0.0,0.0,2.0,-0.26,-0.68,-0.74,1,1,1,3,8,18,16.43,0.02,,,,,,,,,,,,,,,晶豪科,3006,,,,v,,,,,,4.15,3.41,-2,,,-0.06,-0.73,-0.01,0.95,2.3,17.76,-2,,4.23,-20.98,-9.92,-2,-3,-3,-2,-2,-2,半導體業,0.97,0.68,0.14
2022-07-27,5351,鈺創,51.8,2.37,0.0,0.0,2.0,0.0,-0.01,-0.01,1,1,2,0,1,1,0.0,0.0,,,,,,,,,,,,,,,鈺創,5351,,,,v,,,,,,0.05,0.81,-1,,,0.09,-0.34,-0.22,0.33,0.2,3.91,-2,,-3.57,-1.77,29.99,1,-3,-3,-2,-1,-2,半導體業,0.53,0.3,0.81
2022-07-27,6411,晶焱,118.0,2.61,0.0,0.0,1.0,0.0,0.0,-0.16,1,1,2,0,0,3,0.0,0.0,,,,,,,,,,,,,,,晶焱,6411,,,,v,,,,,,4.24,2.23,-1,,,0.03,0.19,0.56,0.69,2.25,10.32,-1,,-2.08,-0.23,-0.91,-1,-1,2,-1,-1,-1,半導體業,0.53,0.43,0.39
2022-07-29,6605,帝寶,72.6,4.31,0.06,0.06,100.0,0.06,0.06,0.06,1,1,1,0,0,0,18.08,0.29,,,,,,,,,,,,,,,帝寶,6605,,,,,,,,,,2.64,2.82,3,,,0.26,0.11,0.59,1.14,1.72,6.85,1,,14.36,16.92,2.33,1,2,1,-3,-3,1,汽車工業,0.9,0.87,0.4
2022-08-01,3714,富采,49.45,0.0,0.0,0.0,2.0,-0.06,-0.06,-0.19,1,4,6,2,4,9,13.64,0.04,,,,,,,,,,,,,,,富采,3714,,,,,,,,,,1.44,1.11,1,,,0.01,-1.37,-1.07,-0.94,-0.38,3.21,-2,,-11.16,-30.81,0.51,-2,-3,-3,1,-1,1,光電業,0.62,0.9,0.58
2022-08-01,6715,嘉基,159.0,1.92,0.0,0.0,1.0,0.0,-0.05,-0.08,1,3,5,0,1,2,4.65,0.09,,,,,,,,,,,,,,,嘉基,6715,,,,v,,,,,,2.96,1.42,1,,,0.09,0.45,0.75,1.33,0.89,3.05,1,v,13.15,96.79,50.42,1,1,3,1,1,1,電子零組件業,0.09,0.04,0.98
2022-08-03,2480,敦陽科,85.9,-0.69,0.0,0.0,1.0,0.0,-0.05,-0.08,1,4,5,0,1,2,7.32,-0.01,,,,,,,,,,,,,,,敦陽科,2480,,,,v,,,,,,2.7,1.71,-1,,,-0.01,-0.08,-0.22,-0.65,1.35,6,1,,10.74,9.93,8.56,1,-1,-1,-1,-1,-1,資訊服務業,0.52,0.13,0.34
